"category_name","month","monthly_revenue","prev_month_revenue","mom_growth_pct"
"agro_industry_and_commerce","2017-01-01","107.76",NULL,NULL
"agro_industry_and_commerce","2017-02-01","331.10","107.76","207.26"
"agro_industry_and_commerce","2017-03-01","110.69","331.10","-66.57"
"agro_industry_and_commerce","2017-05-01","1763.74","110.69","1493.41"
"agro_industry_and_commerce","2017-06-01","1422.05","1763.74","-19.37"
"agro_industry_and_commerce","2017-07-01","1199.47","1422.05","-15.65"
"agro_industry_and_commerce","2017-08-01","224.60","1199.47","-81.28"
"agro_industry_and_commerce","2017-09-01","2119.69","224.60","843.76"
"agro_industry_and_commerce","2017-10-01","3558.43","2119.69","67.88"
"agro_industry_and_commerce","2017-11-01","14610.32","3558.43","310.58"
"agro_industry_and_commerce","2017-12-01","5664.04","14610.32","-61.23"
"agro_industry_and_commerce","2018-01-01","6296.51","5664.04","11.17"
"agro_industry_and_commerce","2018-02-01","8031.41","6296.51","27.55"
"agro_industry_and_commerce","2018-03-01","5639.49","8031.41","-29.78"
"agro_industry_and_commerce","2018-04-01","4536.18","5639.49","-19.56"
"agro_industry_and_commerce","2018-05-01","3433.22","4536.18","-24.31"
"agro_industry_and_commerce","2018-06-01","3843.05","3433.22","11.94"
"agro_industry_and_commerce","2018-07-01","7293.59","3843.05","89.79"
"agro_industry_and_commerce","2018-08-01","5543.74","7293.59","-23.99"
"air_conditioning","2016-10-01","1503.61",NULL,NULL
"air_conditioning","2017-01-01","738.36","1503.61","-50.89"
"air_conditioning","2017-02-01","2688.34","738.36","264.10"
"air_conditioning","2017-03-01","4390.56","2688.34","63.32"
"air_conditioning","2017-04-01","2648.09","4390.56","-39.69"
"air_conditioning","2017-05-01","1068.45","2648.09","-59.65"
"air_conditioning","2017-06-01","2288.52","1068.45","114.19"
"air_conditioning","2017-07-01","1493.13","2288.52","-34.76"
"air_conditioning","2017-08-01","4563.49","1493.13","205.63"
"air_conditioning","2017-09-01","1782.09","4563.49","-60.95"
"air_conditioning","2017-10-01","2869.90","1782.09","61.04"
"air_conditioning","2017-11-01","4513.56","2869.90","57.27"
"air_conditioning","2017-12-01","722.34","4513.56","-84.00"
"air_conditioning","2018-01-01","5177.52","722.34","616.77"
"air_conditioning","2018-02-01","2892.67","5177.52","-44.13"
"air_conditioning","2018-03-01","3023.01","2892.67","4.51"
"air_conditioning","2018-04-01","3448.21","3023.01","14.07"
"air_conditioning","2018-05-01","2231.35","3448.21","-35.29"
"air_conditioning","2018-06-01","4092.94","2231.35","83.43"
"air_conditioning","2018-07-01","3019.71","4092.94","-26.22"
"air_conditioning","2018-08-01","4007.82","3019.71","32.72"
"art","2017-03-01","255.00",NULL,NULL
"art","2017-04-01","147.17","255.00","-42.29"
"art","2017-05-01","7302.75","147.17","4862.12"
"art","2017-06-01","285.35","7302.75","-96.09"
"art","2017-07-01","424.90","285.35","48.90"
"art","2017-08-01","317.06","424.90","-25.38"
"art","2017-09-01","435.85","317.06","37.47"
"art","2017-10-01","400.45","435.85","-8.12"
"art","2017-11-01","92.78","400.45","-76.83"
"art","2017-12-01","163.39","92.78","76.10"
"art","2018-01-01","2864.21","163.39","1652.99"
"art","2018-02-01","1509.23","2864.21","-47.31"
"art","2018-03-01","581.66","1509.23","-61.46"
"art","2018-04-01","2558.91","581.66","339.93"
"art","2018-05-01","3021.88","2558.91","18.09"
"art","2018-06-01","3019.18","3021.88","-0.09"
"art","2018-07-01","2092.81","3019.18","-30.68"
"art","2018-08-01","1775.90","2092.81","-15.14"
"arts_and_craftmanship","2017-05-01","29.66",NULL,NULL
"arts_and_craftmanship","2017-07-01","145.56","29.66","390.76"
"arts_and_craftmanship","2018-05-01","101.05","145.56","-30.58"
"arts_and_craftmanship","2018-07-01","804.60","101.05","696.24"
"arts_and_craftmanship","2018-08-01","1069.05","804.60","32.87"
"audio","2016-10-01","183.03",NULL,NULL
"audio","2017-02-01","247.85","183.03","35.41"
"audio","2017-03-01","1367.40","247.85","451.70"
"audio","2017-04-01","1103.95","1367.40","-19.27"
"audio","2017-05-01","2333.19","1103.95","111.35"
"audio","2017-06-01","1818.24","2333.19","-22.07"
"audio","2017-07-01","767.29","1818.24","-57.80"
"audio","2017-08-01","1146.44","767.29","49.41"
"audio","2017-09-01","1191.79","1146.44","3.96"
"audio","2017-10-01","2701.05","1191.79","126.64"
"audio","2017-11-01","4195.14","2701.05","55.32"
"audio","2017-12-01","2941.12","4195.14","-29.89"
"audio","2018-01-01","4233.39","2941.12","43.94"
"audio","2018-02-01","3038.58","4233.39","-28.22"
"audio","2018-03-01","11264.37","3038.58","270.71"
"audio","2018-04-01","6808.55","11264.37","-39.56"
"audio","2018-05-01","3044.54","6808.55","-55.28"
"audio","2018-06-01","2228.39","3044.54","-26.81"
"audio","2018-07-01","1787.72","2228.39","-19.78"
"audio","2018-08-01","2469.10","1787.72","38.11"
"auto","2016-10-01","1351.27",NULL,NULL
"auto","2017-01-01","5386.38","1351.27","298.62"
"auto","2017-02-01","14301.63","5386.38","165.51"
"auto","2017-03-01","15304.25","14301.63","7.01"
"auto","2017-04-01","17167.32","15304.25","12.17"
"auto","2017-05-01","19858.59","17167.32","15.68"
"auto","2017-06-01","31615.42","19858.59","59.20"
"auto","2017-07-01","16151.62","31615.42","-48.91"
"auto","2017-08-01","22303.65","16151.62","38.09"
"auto","2017-09-01","16486.08","22303.65","-26.08"
"auto","2017-10-01","24822.67","16486.08","50.57"
"auto","2017-11-01","40367.66","24822.67","62.62"
"auto","2017-12-01","44775.58","40367.66","10.92"
"auto","2018-01-01","41132.68","44775.58","-8.14"
"auto","2018-02-01","47295.68","41132.68","14.98"
"auto","2018-03-01","51942.00","47295.68","9.82"
"auto","2018-04-01","53188.21","51942.00","2.40"
"auto","2018-05-01","47533.10","53188.21","-10.63"
"auto","2018-06-01","51224.81","47533.10","7.77"
"auto","2018-07-01","48086.20","51224.81","-6.13"
"auto","2018-08-01","52285.13","48086.20","8.73"
"baby","2016-10-01","1517.55",NULL,NULL
"baby","2017-01-01","6941.94","1517.55","357.44"
"baby","2017-02-01","3442.56","6941.94","-50.41"
"baby","2017-03-01","4309.36","3442.56","25.18"
"baby","2017-04-01","4790.67","4309.36","11.17"
"baby","2017-05-01","10709.54","4790.67","123.55"
"baby","2017-06-01","9258.05","10709.54","-13.55"
"baby","2017-07-01","17947.09","9258.05","93.85"
"baby","2017-08-01","22192.58","17947.09","23.66"
"baby","2017-09-01","26778.62","22192.58","20.66"
"baby","2017-10-01","19625.73","26778.62","-26.71"
"baby","2017-11-01","24934.41","19625.73","27.05"
"baby","2017-12-01","22398.55","24934.41","-10.17"
"baby","2018-01-01","34465.87","22398.55","53.88"
"baby","2018-02-01","29282.86","34465.87","-15.04"
"baby","2018-03-01","45831.15","29282.86","56.51"
"baby","2018-04-01","50172.74","45831.15","9.47"
"baby","2018-05-01","38302.59","50172.74","-23.66"
"baby","2018-06-01","36527.81","38302.59","-4.63"
"baby","2018-07-01","24608.14","36527.81","-32.63"
"baby","2018-08-01","25955.19","24608.14","5.47"
"bed_bath_table","2016-10-01","606.58",NULL,NULL
"bed_bath_table","2017-01-01","4599.31","606.58","658.24"
"bed_bath_table","2017-02-01","18462.71","4599.31","301.42"
"bed_bath_table","2017-03-01","29856.01","18462.71","61.71"
"bed_bath_table","2017-04-01","28700.38","29856.01","-3.87"
"bed_bath_table","2017-05-01","38920.54","28700.38","35.61"
"bed_bath_table","2017-06-01","40132.47","38920.54","3.11"
"bed_bath_table","2017-07-01","72803.52","40132.47","81.41"
"bed_bath_table","2017-08-01","65628.16","72803.52","-9.86"
"bed_bath_table","2017-09-01","61329.58","65628.16","-6.55"
"bed_bath_table","2017-10-01","55209.90","61329.58","-9.98"
"bed_bath_table","2017-11-01","104963.58","55209.90","90.12"
"bed_bath_table","2017-12-01","59378.49","104963.58","-43.43"
"bed_bath_table","2018-01-01","89006.59","59378.49","49.90"
"bed_bath_table","2018-02-01","71578.43","89006.59","-19.58"
"bed_bath_table","2018-03-01","82243.30","71578.43","14.90"
"bed_bath_table","2018-04-01","79006.70","82243.30","-3.94"
"bed_bath_table","2018-05-01","84008.25","79006.70","6.33"
"bed_bath_table","2018-06-01","85608.62","84008.25","1.91"
"bed_bath_table","2018-07-01","60736.47","85608.62","-29.05"
"bed_bath_table","2018-08-01","73851.35","60736.47","21.59"
"books_general_interest","2017-01-01","271.55",NULL,NULL
"books_general_interest","2017-02-01","950.02","271.55","249.85"
"books_general_interest","2017-03-01","2951.30","950.02","210.66"
"books_general_interest","2017-04-01","1069.81","2951.30","-63.75"
"books_general_interest","2017-05-01","2199.17","1069.81","105.57"
"books_general_interest","2017-06-01","2305.34","2199.17","4.83"
"books_general_interest","2017-07-01","1545.28","2305.34","-32.97"
"books_general_interest","2017-08-01","2680.45","1545.28","73.46"
"books_general_interest","2017-09-01","1149.77","2680.45","-57.11"
"books_general_interest","2017-10-01","929.87","1149.77","-19.13"
"books_general_interest","2017-11-01","3185.27","929.87","242.55"
"books_general_interest","2017-12-01","2989.22","3185.27","-6.15"
"books_general_interest","2018-01-01","2791.32","2989.22","-6.62"
"books_general_interest","2018-02-01","2423.55","2791.32","-13.18"
"books_general_interest","2018-03-01","2251.61","2423.55","-7.09"
"books_general_interest","2018-04-01","5129.62","2251.61","127.82"
"books_general_interest","2018-05-01","6793.86","5129.62","32.44"
"books_general_interest","2018-06-01","3879.10","6793.86","-42.90"
"books_general_interest","2018-07-01","3340.25","3879.10","-13.89"
"books_general_interest","2018-08-01","2076.99","3340.25","-37.82"
"books_imported","2017-04-01","33.43",NULL,NULL
"books_imported","2017-06-01","129.2","33.43","286.48"
"books_imported","2017-08-01","70.34","129.2","-45.56"
"books_imported","2017-09-01","327.56","70.34","365.68"
"books_imported","2017-11-01","281.21","327.56","-14.15"
"books_imported","2017-12-01","271.06","281.21","-3.61"
"books_imported","2018-01-01","648.67","271.06","139.31"
"books_imported","2018-02-01","351.54","648.67","-45.81"
"books_imported","2018-03-01","284.69","351.54","-19.02"
"books_imported","2018-04-01","352.37","284.69","23.77"
"books_imported","2018-05-01","525.71","352.37","49.19"
"books_imported","2018-06-01","606.16","525.71","15.30"
"books_imported","2018-07-01","295.32","606.16","-51.28"
"books_imported","2018-08-01","804.96","295.32","172.57"
"books_technical","2017-02-01","182.4",NULL,NULL
"books_technical","2017-03-01","103.74","182.4","-43.13"
"books_technical","2017-04-01","86.92","103.74","-16.21"
"books_technical","2017-05-01","316.46","86.92","264.08"
"books_technical","2017-06-01","188.53","316.46","-40.43"
"books_technical","2017-07-01","580.88","188.53","208.11"
"books_technical","2017-08-01","1324.98","580.88","128.10"
"books_technical","2017-09-01","1136.91","1324.98","-14.19"
"books_technical","2017-10-01","988.25","1136.91","-13.08"
"books_technical","2017-11-01","863.82","988.25","-12.59"
"books_technical","2017-12-01","735.96","863.82","-14.80"
"books_technical","2018-01-01","1418.83","735.96","92.79"
"books_technical","2018-02-01","1457.46","1418.83","2.72"
"books_technical","2018-03-01","1232.47","1457.46","-15.44"
"books_technical","2018-04-01","1495.98","1232.47","21.38"
"books_technical","2018-05-01","3889.59","1495.98","160.00"
"books_technical","2018-06-01","2133.15","3889.59","-45.16"
"books_technical","2018-07-01","2026.10","2133.15","-5.02"
"books_technical","2018-08-01","1861.38","2026.10","-8.13"
"cds_dvds_musicals","2017-07-01","299.38",NULL,NULL
"cds_dvds_musicals","2017-08-01","177.16","299.38","-40.82"
"cds_dvds_musicals","2017-10-01","61.11","177.16","-65.51"
"cds_dvds_musicals","2017-11-01","224.82","61.11","267.89"
"cds_dvds_musicals","2017-12-01","74.94","224.82","-66.67"
"cds_dvds_musicals","2018-04-01","117.58","74.94","56.90"
"christmas_supplies","2017-04-01","93.97",NULL,NULL
"christmas_supplies","2017-06-01","246.25","93.97","162.05"
"christmas_supplies","2017-07-01","98.05","246.25","-60.18"
"christmas_supplies","2017-08-01","76.88","98.05","-21.59"
"christmas_supplies","2017-09-01","318.28","76.88","314.00"
"christmas_supplies","2017-10-01","531.24","318.28","66.91"
"christmas_supplies","2017-11-01","1740.96","531.24","227.72"
"christmas_supplies","2017-12-01","794.97","1740.96","-54.34"
"christmas_supplies","2018-01-01","1104.46","794.97","38.93"
"christmas_supplies","2018-02-01","2671.35","1104.46","141.87"
"christmas_supplies","2018-03-01","1194.29","2671.35","-55.29"
"christmas_supplies","2018-04-01","499.52","1194.29","-58.17"
"christmas_supplies","2018-05-01","672.74","499.52","34.68"
"christmas_supplies","2018-06-01","476.71","672.74","-29.14"
"christmas_supplies","2018-07-01","661.66","476.71","38.80"
"christmas_supplies","2018-08-01","728.36","661.66","10.08"
"cine_photo","2017-02-01","95.24",NULL,NULL
"cine_photo","2017-04-01","166.31","95.24","74.62"
"cine_photo","2017-05-01","91.71","166.31","-44.86"
"cine_photo","2017-06-01","112.91","91.71","23.12"
"cine_photo","2017-09-01","102.84","112.91","-8.92"
"cine_photo","2017-10-01","107.0","102.84","4.05"
"cine_photo","2017-11-01","259.94","107.0","142.93"
"cine_photo","2018-01-01","223.78","259.94","-13.91"
"cine_photo","2018-02-01","272.12","223.78","21.60"
"cine_photo","2018-03-01","846.54","272.12","211.09"
"cine_photo","2018-04-01","373.41","846.54","-55.89"
"cine_photo","2018-05-01","2312.44","373.41","519.28"
"cine_photo","2018-06-01","371.47","2312.44","-83.94"
"cine_photo","2018-07-01","1170.66","371.47","215.14"
"cine_photo","2018-08-01","720.41","1170.66","-38.46"
"computers","2017-01-01","2217.99",NULL,NULL
"computers","2017-02-01","3602.47","2217.99","62.42"
"computers","2017-08-01","33497.41","3602.47","829.85"
"computers","2017-09-01","52948.15","33497.41","58.07"
"computers","2017-10-01","41683.94","52948.15","-21.27"
"computers","2017-11-01","10060.40","41683.94","-75.87"
"computers","2017-12-01","17916.27","10060.40","78.09"
"computers","2018-01-01","7646.57","17916.27","-57.32"
"computers","2018-04-01","14571.61","7646.57","90.56"
"computers","2018-05-01","9161.35","14571.61","-37.13"
"computers","2018-06-01","13867.87","9161.35","51.37"
"computers","2018-07-01","11947.48","13867.87","-13.85"
"computers","2018-08-01","9228.25","11947.48","-22.76"
"computers_accessories","2016-10-01","861.84",NULL,NULL
"computers_accessories","2017-01-01","4377.60","861.84","407.94"
"computers_accessories","2017-02-01","13014.71","4377.60","197.30"
"computers_accessories","2017-03-01","31286.73","13014.71","140.40"
"computers_accessories","2017-04-01","20691.83","31286.73","-33.86"
"computers_accessories","2017-05-01","49927.97","20691.83","141.29"
"computers_accessories","2017-06-01","40687.60","49927.97","-18.51"
"computers_accessories","2017-07-01","43489.26","40687.60","6.89"
"computers_accessories","2017-08-01","39548.23","43489.26","-9.06"
"computers_accessories","2017-09-01","32972.21","39548.23","-16.63"
"computers_accessories","2017-10-01","48090.44","32972.21","45.85"
"computers_accessories","2017-11-01","79910.93","48090.44","66.17"
"computers_accessories","2017-12-01","42967.29","79910.93","-46.23"
"computers_accessories","2018-01-01","92663.77","42967.29","115.66"
"computers_accessories","2018-02-01","117216.65","92663.77","26.50"
"computers_accessories","2018-03-01","99444.68","117216.65","-15.16"
"computers_accessories","2018-04-01","64009.24","99444.68","-35.63"
"computers_accessories","2018-05-01","58945.56","64009.24","-7.91"
"computers_accessories","2018-06-01","49051.72","58945.56","-16.78"
"computers_accessories","2018-07-01","42828.90","49051.72","-12.69"
"computers_accessories","2018-08-01","47358.41","42828.90","10.58"
"consoles_games","2016-10-01","3785.36",NULL,NULL
"consoles_games","2017-01-01","4911.73","3785.36","29.76"
"consoles_games","2017-02-01","4637.96","4911.73","-5.57"
"consoles_games","2017-03-01","10765.59","4637.96","132.12"
"consoles_games","2017-04-01","4029.55","10765.59","-62.57"
"consoles_games","2017-05-01","2947.24","4029.55","-26.86"
"consoles_games","2017-06-01","5859.32","2947.24","98.81"
"consoles_games","2017-07-01","6135.53","5859.32","4.71"
"consoles_games","2017-08-01","9548.50","6135.53","55.63"
"consoles_games","2017-09-01","9214.38","9548.50","-3.50"
"consoles_games","2017-10-01","12031.01","9214.38","30.57"
"consoles_games","2017-11-01","13872.76","12031.01","15.31"
"consoles_games","2017-12-01","10204.40","13872.76","-26.44"
"consoles_games","2018-01-01","8145.05","10204.40","-20.18"
"consoles_games","2018-02-01","12786.41","8145.05","56.98"
"consoles_games","2018-03-01","13011.11","12786.41","1.76"
"consoles_games","2018-04-01","6022.31","13011.11","-53.71"
"consoles_games","2018-05-01","6161.16","6022.31","2.31"
"consoles_games","2018-06-01","7465.09","6161.16","21.16"
"consoles_games","2018-07-01","8277.41","7465.09","10.88"
"consoles_games","2018-08-01","5332.57","8277.41","-35.58"
"construction_tools_construction","2017-02-01","393.57",NULL,NULL
"construction_tools_construction","2017-03-01","53.42","393.57","-86.43"
"construction_tools_construction","2017-05-01","149.40","53.42","179.67"
"construction_tools_construction","2017-06-01","475.31","149.40","218.15"
"construction_tools_construction","2017-07-01","822.97","475.31","73.14"
"construction_tools_construction","2017-08-01","1394.33","822.97","69.43"
"construction_tools_construction","2017-09-01","1420.22","1394.33","1.86"
"construction_tools_construction","2017-10-01","3024.83","1420.22","112.98"
"construction_tools_construction","2017-11-01","8596.29","3024.83","184.19"
"construction_tools_construction","2017-12-01","6566.50","8596.29","-23.61"
"construction_tools_construction","2018-01-01","10753.32","6566.50","63.76"
"construction_tools_construction","2018-02-01","10123.64","10753.32","-5.86"
"construction_tools_construction","2018-03-01","11020.38","10123.64","8.86"
"construction_tools_construction","2018-04-01","14539.34","11020.38","31.93"
"construction_tools_construction","2018-05-01","23437.46","14539.34","61.20"
"construction_tools_construction","2018-06-01","23384.99","23437.46","-0.22"
"construction_tools_construction","2018-07-01","15408.20","23384.99","-34.11"
"construction_tools_construction","2018-08-01","25925.05","15408.20","68.25"
"construction_tools_lights","2017-07-01","401.45",NULL,NULL
"construction_tools_lights","2017-08-01","670.98","401.45","67.14"
"construction_tools_lights","2017-09-01","258.98","670.98","-61.40"
"construction_tools_lights","2017-10-01","651.1","258.98","151.41"
"construction_tools_lights","2017-11-01","2606.99","651.1","300.40"
"construction_tools_lights","2017-12-01","206.46","2606.99","-92.08"
"construction_tools_lights","2018-01-01","2554.77","206.46","1137.42"
"construction_tools_lights","2018-02-01","1865.96","2554.77","-26.96"
"construction_tools_lights","2018-03-01","3138.15","1865.96","68.18"
"construction_tools_lights","2018-04-01","5778.31","3138.15","84.13"
"construction_tools_lights","2018-05-01","5104.71","5778.31","-11.66"
"construction_tools_lights","2018-06-01","5538.59","5104.71","8.50"
"construction_tools_lights","2018-07-01","8166.85","5538.59","47.45"
"construction_tools_lights","2018-08-01","9888.59","8166.85","21.08"
"construction_tools_safety","2017-02-01","396.86",NULL,NULL
"construction_tools_safety","2017-08-01","24.69","396.86","-93.78"
"construction_tools_safety","2017-09-01","1202.29","24.69","4769.54"
"construction_tools_safety","2017-10-01","1918.55","1202.29","59.57"
"construction_tools_safety","2017-11-01","3507.71","1918.55","82.83"
"construction_tools_safety","2017-12-01","1525.46","3507.71","-56.51"
"construction_tools_safety","2018-01-01","2388.75","1525.46","56.59"
"construction_tools_safety","2018-02-01","6152.31","2388.75","157.55"
"construction_tools_safety","2018-03-01","5789.78","6152.31","-5.89"
"construction_tools_safety","2018-04-01","3374.38","5789.78","-41.72"
"construction_tools_safety","2018-05-01","6531.18","3374.38","93.55"
"construction_tools_safety","2018-06-01","2972.88","6531.18","-54.48"
"construction_tools_safety","2018-07-01","2029.05","2972.88","-31.75"
"construction_tools_safety","2018-08-01","4302.00","2029.05","112.02"
"cool_stuff","2016-10-01","1236.88",NULL,NULL
"cool_stuff","2017-01-01","7603.02","1236.88","514.69"
"cool_stuff","2017-02-01","13946.98","7603.02","83.44"
"cool_stuff","2017-03-01","22797.12","13946.98","63.46"
"cool_stuff","2017-04-01","23098.58","22797.12","1.32"
"cool_stuff","2017-05-01","37204.01","23098.58","61.07"
"cool_stuff","2017-06-01","42539.56","37204.01","14.34"
"cool_stuff","2017-07-01","41429.43","42539.56","-2.61"
"cool_stuff","2017-08-01","43450.27","41429.43","4.88"
"cool_stuff","2017-09-01","42359.55","43450.27","-2.51"
"cool_stuff","2017-10-01","50525.41","42359.55","19.28"
"cool_stuff","2017-11-01","62263.06","50525.41","23.23"
"cool_stuff","2017-12-01","42550.97","62263.06","-31.66"
"cool_stuff","2018-01-01","44744.95","42550.97","5.16"
"cool_stuff","2018-02-01","33306.80","44744.95","-25.56"
"cool_stuff","2018-03-01","43217.21","33306.80","29.75"
"cool_stuff","2018-04-01","36820.12","43217.21","-14.80"
"cool_stuff","2018-05-01","33828.78","36820.12","-8.12"
"cool_stuff","2018-06-01","21417.37","33828.78","-36.69"
"cool_stuff","2018-07-01","23562.27","21417.37","10.01"
"cool_stuff","2018-08-01","18362.72","23562.27","-22.07"
"costruction_tools_garden","2017-02-01","624.68",NULL,NULL
"costruction_tools_garden","2017-04-01","1680.57","624.68","169.03"
"costruction_tools_garden","2017-05-01","1633.33","1680.57","-2.81"
"costruction_tools_garden","2017-06-01","500.40","1633.33","-69.36"
"costruction_tools_garden","2017-07-01","402.48","500.40","-19.57"
"costruction_tools_garden","2017-08-01","1483.00","402.48","268.47"
"costruction_tools_garden","2017-09-01","338.97","1483.00","-77.14"
"costruction_tools_garden","2017-10-01","888.16","338.97","162.02"
"costruction_tools_garden","2017-11-01","1578.65","888.16","77.74"
"costruction_tools_garden","2017-12-01","1097.75","1578.65","-30.46"
"costruction_tools_garden","2018-01-01","4505.74","1097.75","310.45"
"costruction_tools_garden","2018-02-01","1880.10","4505.74","-58.27"
"costruction_tools_garden","2018-03-01","2535.92","1880.10","34.88"
"costruction_tools_garden","2018-04-01","1568.23","2535.92","-38.16"
"costruction_tools_garden","2018-05-01","1403.85","1568.23","-10.48"
"costruction_tools_garden","2018-06-01","1017.19","1403.85","-27.54"
"costruction_tools_garden","2018-07-01","2306.92","1017.19","126.79"
"costruction_tools_garden","2018-08-01","4294.49","2306.92","86.16"
"costruction_tools_tools","2017-04-01","748.27",NULL,NULL
"costruction_tools_tools","2017-05-01","834.30","748.27","11.50"
"costruction_tools_tools","2017-09-01","976.08","834.30","16.99"
"costruction_tools_tools","2017-10-01","1119.96","976.08","14.74"
"costruction_tools_tools","2017-11-01","349.54","1119.96","-68.79"
"costruction_tools_tools","2017-12-01","457.82","349.54","30.98"
"costruction_tools_tools","2018-01-01","695.13","457.82","51.83"
"costruction_tools_tools","2018-02-01","1539.82","695.13","121.52"
"costruction_tools_tools","2018-03-01","1154.77","1539.82","-25.01"
"costruction_tools_tools","2018-04-01","1651.92","1154.77","43.05"
"costruction_tools_tools","2018-05-01","506.26","1651.92","-69.35"
"costruction_tools_tools","2018-06-01","623.81","506.26","23.22"
"costruction_tools_tools","2018-07-01","5779.45","623.81","826.48"
"costruction_tools_tools","2018-08-01","1497.04","5779.45","-74.10"
"diapers_and_hygiene","2016-10-01","150.99",NULL,NULL
"diapers_and_hygiene","2017-12-01","99.70","150.99","-33.97"
"diapers_and_hygiene","2018-01-01","188.45","99.70","89.02"
"diapers_and_hygiene","2018-02-01","150.76","188.45","-20.00"
"diapers_and_hygiene","2018-03-01","193.55","150.76","28.38"
"diapers_and_hygiene","2018-04-01","200.57","193.55","3.63"
"diapers_and_hygiene","2018-05-01","159.65","200.57","-20.40"
"diapers_and_hygiene","2018-06-01","427.70","159.65","167.90"
"diapers_and_hygiene","2018-07-01","197.89","427.70","-53.73"
"diapers_and_hygiene","2018-08-01","276.93","197.89","39.94"
"drinks","2017-03-01","568.43",NULL,NULL
"drinks","2017-05-01","112.95","568.43","-80.13"
"drinks","2017-06-01","69.20","112.95","-38.73"
"drinks","2017-07-01","348.08","69.20","403.01"
"drinks","2017-08-01","148.77","348.08","-57.26"
"drinks","2017-09-01","314.43","148.77","111.35"
"drinks","2017-10-01","752.72","314.43","139.39"
"drinks","2017-11-01","912.91","752.72","21.28"
"drinks","2017-12-01","2574.41","912.91","182.00"
"drinks","2018-01-01","2948.39","2574.41","14.53"
"drinks","2018-02-01","2355.68","2948.39","-20.10"
"drinks","2018-03-01","1268.52","2355.68","-46.15"
"drinks","2018-04-01","5848.35","1268.52","361.04"
"drinks","2018-05-01","3150.98","5848.35","-46.12"
"drinks","2018-06-01","2011.94","3150.98","-36.15"
"drinks","2018-07-01","1275.91","2011.94","-36.58"
"drinks","2018-08-01","1475.57","1275.91","15.65"
"dvds_blu_ray","2017-01-01","47.8",NULL,NULL
"dvds_blu_ray","2017-02-01","35.7","47.8","-25.31"
"dvds_blu_ray","2017-03-01","525.20","35.7","1371.15"
"dvds_blu_ray","2017-04-01","1466.34","525.20","179.20"
"dvds_blu_ray","2017-05-01","150.60","1466.34","-89.73"
"dvds_blu_ray","2017-06-01","199.74","150.60","32.63"
"dvds_blu_ray","2017-07-01","796.46","199.74","298.75"
"dvds_blu_ray","2017-08-01","231.83","796.46","-70.89"
"dvds_blu_ray","2017-09-01","91.06","231.83","-60.72"
"dvds_blu_ray","2017-10-01","269.10","91.06","195.52"
"dvds_blu_ray","2017-11-01","145.67","269.10","-45.87"
"dvds_blu_ray","2017-12-01","135.49","145.67","-6.99"
"dvds_blu_ray","2018-01-01","96.58","135.49","-28.72"
"dvds_blu_ray","2018-02-01","42.53","96.58","-55.96"
"dvds_blu_ray","2018-03-01","89.71","42.53","110.93"
"dvds_blu_ray","2018-04-01","267.67","89.71","198.37"
"dvds_blu_ray","2018-05-01","560.16","267.67","109.27"
"dvds_blu_ray","2018-06-01","505.03","560.16","-9.84"
"dvds_blu_ray","2018-07-01","96.88","505.03","-80.82"
"dvds_blu_ray","2018-08-01","16.29","96.88","-83.19"
"electronics","2016-10-01","119.79",NULL,NULL
"electronics","2017-01-01","772.43","119.79","544.82"
"electronics","2017-02-01","1555.50","772.43","101.38"
"electronics","2017-03-01","4655.16","1555.50","199.27"
"electronics","2017-04-01","5611.49","4655.16","20.54"
"electronics","2017-05-01","7288.72","5611.49","29.89"
"electronics","2017-06-01","2675.70","7288.72","-63.29"
"electronics","2017-07-01","8896.47","2675.70","232.49"
"electronics","2017-08-01","3765.86","8896.47","-57.67"
"electronics","2017-09-01","5557.35","3765.86","47.57"
"electronics","2017-10-01","4467.93","5557.35","-19.60"
"electronics","2017-11-01","12885.15","4467.93","188.39"
"electronics","2017-12-01","11961.77","12885.15","-7.17"
"electronics","2018-01-01","21451.27","11961.77","79.33"
"electronics","2018-02-01","20071.12","21451.27","-6.43"
"electronics","2018-03-01","16693.30","20071.12","-16.83"
"electronics","2018-04-01","13987.30","16693.30","-16.21"
"electronics","2018-05-01","20043.70","13987.30","43.30"
"electronics","2018-06-01","12827.96","20043.70","-36.00"
"electronics","2018-07-01","10500.42","12827.96","-18.14"
"electronics","2018-08-01","12826.70","10500.42","22.15"
"fashio_female_clothing","2016-10-01","69.63",NULL,NULL
"fashio_female_clothing","2017-01-01","102.81","69.63","47.65"
"fashio_female_clothing","2017-02-01","414.60","102.81","303.27"
"fashio_female_clothing","2017-03-01","30.86","414.60","-92.56"
"fashio_female_clothing","2017-04-01","87.74","30.86","184.32"
"fashio_female_clothing","2017-05-01","415.60","87.74","373.67"
"fashio_female_clothing","2017-06-01","199.3","415.60","-52.05"
"fashio_female_clothing","2017-07-01","364.40","199.3","82.84"
"fashio_female_clothing","2017-08-01","235.65","364.40","-35.33"
"fashio_female_clothing","2017-09-01","430.31","235.65","82.61"
"fashio_female_clothing","2017-11-01","84.17","430.31","-80.44"
"fashio_female_clothing","2018-01-01","196.48","84.17","133.43"
"fashio_female_clothing","2018-02-01","45.09","196.48","-77.05"
"fashio_female_clothing","2018-03-01","154.52","45.09","242.69"
"fashio_female_clothing","2018-04-01","218.15","154.52","41.18"
"fashio_female_clothing","2018-08-01","169.13","218.15","-22.47"
"fashion_bags_accessories","2016-10-01","502.98",NULL,NULL
"fashion_bags_accessories","2016-12-01","19.62","502.98","-96.10"
"fashion_bags_accessories","2017-01-01","2136.61","19.62","10789.96"
"fashion_bags_accessories","2017-02-01","2711.65","2136.61","26.91"
"fashion_bags_accessories","2017-03-01","5789.49","2711.65","113.50"
"fashion_bags_accessories","2017-04-01","3611.63","5789.49","-37.62"
"fashion_bags_accessories","2017-05-01","8600.11","3611.63","138.12"
"fashion_bags_accessories","2017-06-01","7989.40","8600.11","-7.10"
"fashion_bags_accessories","2017-07-01","6315.45","7989.40","-20.95"
"fashion_bags_accessories","2017-08-01","7807.01","6315.45","23.62"
"fashion_bags_accessories","2017-09-01","13768.13","7807.01","76.36"
"fashion_bags_accessories","2017-10-01","9180.81","13768.13","-33.32"
"fashion_bags_accessories","2017-11-01","15235.82","9180.81","65.95"
"fashion_bags_accessories","2017-12-01","11990.79","15235.82","-21.30"
"fashion_bags_accessories","2018-01-01","9803.00","11990.79","-18.25"
"fashion_bags_accessories","2018-02-01","11496.55","9803.00","17.28"
"fashion_bags_accessories","2018-03-01","12525.19","11496.55","8.95"
"fashion_bags_accessories","2018-04-01","9403.89","12525.19","-24.92"
"fashion_bags_accessories","2018-05-01","13065.46","9403.89","38.94"
"fashion_bags_accessories","2018-06-01","9302.17","13065.46","-28.80"
"fashion_bags_accessories","2018-07-01","6906.33","9302.17","-25.76"
"fashion_bags_accessories","2018-08-01","9867.21","6906.33","42.87"
"fashion_childrens_clothes","2017-05-01","124.52",NULL,NULL
"fashion_childrens_clothes","2017-06-01","118.96","124.52","-4.47"
"fashion_childrens_clothes","2017-09-01","107.06","118.96","-10.00"
"fashion_childrens_clothes","2017-10-01","54.09","107.06","-49.48"
"fashion_childrens_clothes","2018-03-01","96.56","54.09","78.52"
"fashion_childrens_clothes","2018-06-01","97.48","96.56","0.95"
"fashion_male_clothing","2016-10-01","35.86",NULL,NULL
"fashion_male_clothing","2017-01-01","159.11","35.86","343.70"
"fashion_male_clothing","2017-02-01","644.99","159.11","305.37"
"fashion_male_clothing","2017-03-01","721.36","644.99","11.84"
"fashion_male_clothing","2017-04-01","437.39","721.36","-39.37"
"fashion_male_clothing","2017-05-01","676.21","437.39","54.60"
"fashion_male_clothing","2017-06-01","689.82","676.21","2.01"
"fashion_male_clothing","2017-07-01","860.33","689.82","24.72"
"fashion_male_clothing","2017-08-01","1400.23","860.33","62.75"
"fashion_male_clothing","2017-09-01","1388.19","1400.23","-0.86"
"fashion_male_clothing","2017-10-01","1117.23","1388.19","-19.52"
"fashion_male_clothing","2017-11-01","1041.68","1117.23","-6.76"
"fashion_male_clothing","2017-12-01","532.14","1041.68","-48.92"
"fashion_male_clothing","2018-01-01","662.17","532.14","24.44"
"fashion_male_clothing","2018-02-01","446.86","662.17","-32.52"
"fashion_male_clothing","2018-04-01","234.42","446.86","-47.54"
"fashion_male_clothing","2018-05-01","149.87","234.42","-36.07"
"fashion_male_clothing","2018-06-01","554.43","149.87","269.94"
"fashion_male_clothing","2018-07-01","295.68","554.43","-46.67"
"fashion_male_clothing","2018-08-01","466.98","295.68","57.93"
"fashion_shoes","2016-10-01","40.95",NULL,NULL
"fashion_shoes","2017-01-01","49.01","40.95","19.68"
"fashion_shoes","2017-02-01","157.37","49.01","221.10"
"fashion_shoes","2017-03-01","1746.18","157.37","1009.60"
"fashion_shoes","2017-04-01","1946.37","1746.18","11.46"
"fashion_shoes","2017-05-01","2014.89","1946.37","3.52"
"fashion_shoes","2017-06-01","1635.15","2014.89","-18.85"
"fashion_shoes","2017-07-01","1606.71","1635.15","-1.74"
"fashion_shoes","2017-08-01","1856.37","1606.71","15.54"
"fashion_shoes","2017-09-01","1349.49","1856.37","-27.30"
"fashion_shoes","2017-10-01","2194.58","1349.49","62.62"
"fashion_shoes","2017-11-01","2032.53","2194.58","-7.38"
"fashion_shoes","2017-12-01","1305.46","2032.53","-35.77"
"fashion_shoes","2018-01-01","822.31","1305.46","-37.01"
"fashion_shoes","2018-02-01","1251.52","822.31","52.20"
"fashion_shoes","2018-03-01","1286.57","1251.52","2.80"
"fashion_shoes","2018-04-01","1717.97","1286.57","33.53"
"fashion_shoes","2018-05-01","1788.57","1717.97","4.11"
"fashion_shoes","2018-06-01","1450.18","1788.57","-18.92"
"fashion_shoes","2018-07-01","985.44","1450.18","-32.05"
"fashion_shoes","2018-08-01","577.21","985.44","-41.43"
"fashion_sport","2017-03-01","54.01",NULL,NULL
"fashion_sport","2017-04-01","244.47","54.01","352.64"
"fashion_sport","2017-05-01","179.48","244.47","-26.58"
"fashion_sport","2017-06-01","567.40","179.48","216.14"
"fashion_sport","2017-07-01","77.68","567.40","-86.31"
"fashion_sport","2017-08-01","389.44","77.68","401.34"
"fashion_sport","2017-09-01","500.82","389.44","28.60"
"fashion_sport","2017-10-01","68.62","500.82","-86.30"
"fashion_sport","2017-11-01","67.68","68.62","-1.37"
"fashion_sport","2017-12-01","76.76","67.68","13.42"
"fashion_sport","2018-01-01","145.34","76.76","89.34"
"fashion_sport","2018-03-01","97.39","145.34","-32.99"
"fashion_sport","2018-04-01","105.41","97.39","8.23"
"fashion_sport","2018-08-01","83.05","105.41","-21.21"
"fashion_underwear_beach","2017-01-01","171.15",NULL,NULL
"fashion_underwear_beach","2017-02-01","507.83","171.15","196.72"
"fashion_underwear_beach","2017-03-01","460.62","507.83","-9.30"
"fashion_underwear_beach","2017-04-01","132.97","460.62","-71.13"
"fashion_underwear_beach","2017-05-01","369.26","132.97","177.70"
"fashion_underwear_beach","2017-06-01","19.0","369.26","-94.85"
"fashion_underwear_beach","2017-07-01","314.48","19.0","1555.16"
"fashion_underwear_beach","2017-08-01","1308.87","314.48","316.20"
"fashion_underwear_beach","2017-09-01","1858.18","1308.87","41.97"
"fashion_underwear_beach","2017-10-01","222.95","1858.18","-88.00"
"fashion_underwear_beach","2017-11-01","1391.86","222.95","524.29"
"fashion_underwear_beach","2017-12-01","1359.62","1391.86","-2.32"
"fashion_underwear_beach","2018-01-01","877.02","1359.62","-35.50"
"fashion_underwear_beach","2018-02-01","505.29","877.02","-42.39"
"fashion_underwear_beach","2018-03-01","368.41","505.29","-27.09"
"fashion_underwear_beach","2018-04-01","440.18","368.41","19.48"
"fashion_underwear_beach","2018-05-01","300.46","440.18","-31.74"
"fashion_underwear_beach","2018-06-01","236.76","300.46","-21.20"
"fashion_underwear_beach","2018-07-01","141.33","236.76","-40.31"
"fashion_underwear_beach","2018-08-01","173.78","141.33","22.96"
"fixed_telephony","2016-10-01","774.45",NULL,NULL
"fixed_telephony","2017-01-01","969.56","774.45","25.19"
"fixed_telephony","2017-02-01","1124.89","969.56","16.02"
"fixed_telephony","2017-03-01","1644.25","1124.89","46.17"
"fixed_telephony","2017-04-01","601.87","1644.25","-63.40"
"fixed_telephony","2017-05-01","577.02","601.87","-4.13"
"fixed_telephony","2017-06-01","1141.43","577.02","97.81"
"fixed_telephony","2017-07-01","348.27","1141.43","-69.49"
"fixed_telephony","2017-08-01","3640.31","348.27","945.26"
"fixed_telephony","2017-09-01","13990.19","3640.31","284.31"
"fixed_telephony","2017-10-01","3906.03","13990.19","-72.08"
"fixed_telephony","2017-11-01","1036.48","3906.03","-73.46"
"fixed_telephony","2017-12-01","1095.81","1036.48","5.72"
"fixed_telephony","2018-01-01","2633.55","1095.81","140.33"
"fixed_telephony","2018-02-01","4918.30","2633.55","86.76"
"fixed_telephony","2018-03-01","2200.84","4918.30","-55.25"
"fixed_telephony","2018-04-01","2127.68","2200.84","-3.32"
"fixed_telephony","2018-05-01","2113.89","2127.68","-0.65"
"fixed_telephony","2018-06-01","2422.52","2113.89","14.60"
"fixed_telephony","2018-07-01","9658.18","2422.52","298.68"
"fixed_telephony","2018-08-01","2891.02","9658.18","-70.07"
"flowers","2017-11-01","269.29",NULL,NULL
"flowers","2017-12-01","112.98","269.29","-58.05"
"flowers","2018-01-01","438.26","112.98","287.91"
"flowers","2018-02-01","187.70","438.26","-57.17"
"flowers","2018-03-01","136.41","187.70","-27.33"
"flowers","2018-04-01","194.49","136.41","42.58"
"flowers","2018-05-01","35.72","194.49","-81.63"
"flowers","2018-06-01","140.70","35.72","293.90"
"flowers","2018-07-01","83.36","140.70","-40.75"
"food","2016-10-01","96.23",NULL,NULL
"food","2017-01-01","78.82","96.23","-18.09"
"food","2017-02-01","875.25","78.82","1010.44"
"food","2017-03-01","2830.01","875.25","223.34"
"food","2017-04-01","611.15","2830.01","-78.40"
"food","2017-05-01","452.25","611.15","-26.00"
"food","2017-06-01","171.79","452.25","-62.01"
"food","2017-07-01","754.19","171.79","339.02"
"food","2017-08-01","500.23","754.19","-33.67"
"food","2017-09-01","1239.20","500.23","147.73"
"food","2017-10-01","1022.42","1239.20","-17.49"
"food","2017-11-01","662.05","1022.42","-35.25"
"food","2017-12-01","1117.24","662.05","68.75"
"food","2018-01-01","1080.12","1117.24","-3.32"
"food","2018-02-01","2269.53","1080.12","110.12"
"food","2018-03-01","2068.59","2269.53","-8.85"
"food","2018-04-01","2219.99","2068.59","7.32"
"food","2018-05-01","2079.48","2219.99","-6.33"
"food","2018-06-01","1693.59","2079.48","-18.56"
"food","2018-07-01","4108.03","1693.59","142.56"
"food","2018-08-01","9142.62","4108.03","122.55"
"food_drink","2017-03-01","132.93",NULL,NULL
"food_drink","2017-04-01","80.78","132.93","-39.23"
"food_drink","2017-05-01","497.69","80.78","516.11"
"food_drink","2017-06-01","82.78","497.69","-83.37"
"food_drink","2017-07-01","261.68","82.78","216.12"
"food_drink","2017-08-01","728.95","261.68","178.57"
"food_drink","2017-09-01","444.78","728.95","-38.98"
"food_drink","2017-10-01","2654.99","444.78","496.92"
"food_drink","2017-11-01","3031.35","2654.99","14.18"
"food_drink","2017-12-01","1342.11","3031.35","-55.73"
"food_drink","2018-01-01","529.22","1342.11","-60.57"
"food_drink","2018-02-01","1331.43","529.22","151.58"
"food_drink","2018-03-01","2623.50","1331.43","97.04"
"food_drink","2018-04-01","836.01","2623.50","-68.13"
"food_drink","2018-05-01","1674.74","836.01","100.33"
"food_drink","2018-06-01","512.81","1674.74","-69.38"
"food_drink","2018-07-01","1121.56","512.81","118.71"
"food_drink","2018-08-01","1340.39","1121.56","19.51"
"furniture_bedroom","2017-01-01","148.76",NULL,NULL
"furniture_bedroom","2017-02-01","501.88","148.76","237.38"
"furniture_bedroom","2017-04-01","831.36","501.88","65.65"
"furniture_bedroom","2017-05-01","2658.95","831.36","219.83"
"furniture_bedroom","2017-06-01","351.68","2658.95","-86.77"
"furniture_bedroom","2017-07-01","1368.65","351.68","289.17"
"furniture_bedroom","2017-08-01","702.36","1368.65","-48.68"
"furniture_bedroom","2017-09-01","923.98","702.36","31.55"
"furniture_bedroom","2017-10-01","1099.36","923.98","18.98"
"furniture_bedroom","2017-11-01","1050.46","1099.36","-4.45"
"furniture_bedroom","2017-12-01","230.75","1050.46","-78.03"
"furniture_bedroom","2018-01-01","1065.04","230.75","361.56"
"furniture_bedroom","2018-02-01","1150.25","1065.04","8.00"
"furniture_bedroom","2018-03-01","1265.69","1150.25","10.04"
"furniture_bedroom","2018-04-01","1612.67","1265.69","27.41"
"furniture_bedroom","2018-05-01","1816.91","1612.67","12.66"
"furniture_bedroom","2018-06-01","1941.82","1816.91","6.87"
"furniture_bedroom","2018-07-01","1838.77","1941.82","-5.31"
"furniture_bedroom","2018-08-01","2819.88","1838.77","53.36"
"furniture_decor","2016-10-01","6351.73",NULL,NULL
"furniture_decor","2017-01-01","15695.57","6351.73","147.11"
"furniture_decor","2017-02-01","25010.20","15695.57","59.35"
"furniture_decor","2017-03-01","27676.31","25010.20","10.66"
"furniture_decor","2017-04-01","23058.78","27676.31","-16.68"
"furniture_decor","2017-05-01","28019.34","23058.78","21.51"
"furniture_decor","2017-06-01","21424.81","28019.34","-23.54"
"furniture_decor","2017-07-01","29402.34","21424.81","37.24"
"furniture_decor","2017-08-01","41805.88","29402.34","42.19"
"furniture_decor","2017-09-01","37711.31","41805.88","-9.79"
"furniture_decor","2017-10-01","37464.13","37711.31","-0.66"
"furniture_decor","2017-11-01","76687.92","37464.13","104.70"
"furniture_decor","2017-12-01","38228.09","76687.92","-50.15"
"furniture_decor","2018-01-01","65342.47","38228.09","70.93"
"furniture_decor","2018-02-01","46059.76","65342.47","-29.51"
"furniture_decor","2018-03-01","64616.04","46059.76","40.29"
"furniture_decor","2018-04-01","65171.56","64616.04","0.86"
"furniture_decor","2018-05-01","64313.41","65171.56","-1.32"
"furniture_decor","2018-06-01","51780.17","64313.41","-19.49"
"furniture_decor","2018-07-01","53039.31","51780.17","2.43"
"furniture_decor","2018-08-01","50893.48","53039.31","-4.05"
"furniture_living_room","2017-01-01","1519.22",NULL,NULL
"furniture_living_room","2017-02-01","4372.74","1519.22","187.83"
"furniture_living_room","2017-03-01","4035.67","4372.74","-7.71"
"furniture_living_room","2017-04-01","2526.11","4035.67","-37.41"
"furniture_living_room","2017-05-01","5715.65","2526.11","126.26"
"furniture_living_room","2017-06-01","2242.91","5715.65","-60.76"
"furniture_living_room","2017-07-01","4738.73","2242.91","111.28"
"furniture_living_room","2017-08-01","3158.06","4738.73","-33.36"
"furniture_living_room","2017-09-01","1562.83","3158.06","-50.51"
"furniture_living_room","2017-10-01","2008.98","1562.83","28.55"
"furniture_living_room","2017-11-01","7657.90","2008.98","281.18"
"furniture_living_room","2017-12-01","2940.88","7657.90","-61.60"
"furniture_living_room","2018-01-01","2861.95","2940.88","-2.68"
"furniture_living_room","2018-02-01","5962.08","2861.95","108.32"
"furniture_living_room","2018-03-01","4279.80","5962.08","-28.22"
"furniture_living_room","2018-04-01","6101.34","4279.80","42.56"
"furniture_living_room","2018-05-01","3390.10","6101.34","-44.44"
"furniture_living_room","2018-06-01","4529.65","3390.10","33.61"
"furniture_living_room","2018-07-01","8534.57","4529.65","88.42"
"furniture_living_room","2018-08-01","6407.27","8534.57","-24.93"
"furniture_mattress_and_upholstery","2017-04-01","130.8",NULL,NULL
"furniture_mattress_and_upholstery","2017-05-01","731.88","130.8","459.54"
"furniture_mattress_and_upholstery","2017-07-01","178.53","731.88","-75.61"
"furniture_mattress_and_upholstery","2017-08-01","633.66","178.53","254.93"
"furniture_mattress_and_upholstery","2017-09-01","133.82","633.66","-78.88"
"furniture_mattress_and_upholstery","2017-11-01","412.81","133.82","208.48"
"furniture_mattress_and_upholstery","2017-12-01","1088.40","412.81","163.66"
"furniture_mattress_and_upholstery","2018-01-01","1270.40","1088.40","16.72"
"furniture_mattress_and_upholstery","2018-02-01","597.69","1270.40","-52.95"
"furniture_mattress_and_upholstery","2018-03-01","584.93","597.69","-2.13"
"garden_tools","2016-10-01","1465.19",NULL,NULL
"garden_tools","2017-01-01","8448.34","1465.19","476.60"
"garden_tools","2017-02-01","12864.15","8448.34","52.27"
"garden_tools","2017-03-01","26706.99","12864.15","107.61"
"garden_tools","2017-04-01","19883.60","26706.99","-25.55"
"garden_tools","2017-05-01","23572.90","19883.60","18.55"
"garden_tools","2017-06-01","18094.79","23572.90","-23.24"
"garden_tools","2017-07-01","22876.88","18094.79","26.43"
"garden_tools","2017-08-01","27500.55","22876.88","20.21"
"garden_tools","2017-09-01","26762.14","27500.55","-2.69"
"garden_tools","2017-10-01","32303.84","26762.14","20.71"
"garden_tools","2017-11-01","56437.34","32303.84","74.71"
"garden_tools","2017-12-01","34143.13","56437.34","-39.50"
"garden_tools","2018-01-01","32268.23","34143.13","-5.49"
"garden_tools","2018-02-01","33260.06","32268.23","3.07"
"garden_tools","2018-03-01","33069.14","33260.06","-0.57"
"garden_tools","2018-04-01","37836.41","33069.14","14.42"
"garden_tools","2018-05-01","42573.93","37836.41","12.52"
"garden_tools","2018-06-01","22373.02","42573.93","-47.45"
"garden_tools","2018-07-01","28399.65","22373.02","26.94"
"garden_tools","2018-08-01","19596.26","28399.65","-31.00"
"health_beauty","2016-09-01","143.46",NULL,NULL
"health_beauty","2016-10-01","4186.29","143.46","2818.09"
"health_beauty","2017-01-01","13802.80","4186.29","229.71"
"health_beauty","2017-02-01","25131.96","13802.80","82.08"
"health_beauty","2017-03-01","29463.99","25131.96","17.24"
"health_beauty","2017-04-01","25419.69","29463.99","-13.73"
"health_beauty","2017-05-01","52254.72","25419.69","105.57"
"health_beauty","2017-06-01","36844.86","52254.72","-29.49"
"health_beauty","2017-07-01","39484.72","36844.86","7.16"
"health_beauty","2017-08-01","55281.78","39484.72","40.01"
"health_beauty","2017-09-01","58047.54","55281.78","5.00"
"health_beauty","2017-10-01","47414.29","58047.54","-18.32"
"health_beauty","2017-11-01","88629.80","47414.29","86.93"
"health_beauty","2017-12-01","68907.78","88629.80","-22.25"
"health_beauty","2018-01-01","81823.98","68907.78","18.74"
"health_beauty","2018-02-01","94854.25","81823.98","15.92"
"health_beauty","2018-03-01","97035.83","94854.25","2.30"
"health_beauty","2018-04-01","98373.77","97035.83","1.38"
"health_beauty","2018-05-01","103303.61","98373.77","5.01"
"health_beauty","2018-06-01","121436.93","103303.61","17.55"
"health_beauty","2018-07-01","111303.56","121436.93","-8.34"
"health_beauty","2018-08-01","133731.94","111303.56","20.15"
"home_appliances","2017-02-01","855.40",NULL,NULL
"home_appliances","2017-03-01","466.25","855.40","-45.49"
"home_appliances","2017-04-01","635.57","466.25","36.32"
"home_appliances","2017-05-01","2371.03","635.57","273.06"
"home_appliances","2017-06-01","3143.60","2371.03","32.58"
"home_appliances","2017-07-01","4336.18","3143.60","37.94"
"home_appliances","2017-08-01","4744.90","4336.18","9.43"
"home_appliances","2017-09-01","2197.28","4744.90","-53.69"
"home_appliances","2017-10-01","2091.71","2197.28","-4.80"
"home_appliances","2017-11-01","5069.98","2091.71","142.38"
"home_appliances","2017-12-01","1672.84","5069.98","-67.00"
"home_appliances","2018-01-01","2107.29","1672.84","25.97"
"home_appliances","2018-02-01","6362.58","2107.29","201.93"
"home_appliances","2018-03-01","11350.26","6362.58","78.39"
"home_appliances","2018-04-01","16968.52","11350.26","49.50"
"home_appliances","2018-05-01","7350.80","16968.52","-56.68"
"home_appliances","2018-06-01","6765.51","7350.80","-7.96"
"home_appliances","2018-07-01","6171.65","6765.51","-8.78"
"home_appliances","2018-08-01","7688.49","6171.65","24.58"
"home_appliances_2","2017-01-01","2031.70",NULL,NULL
"home_appliances_2","2017-02-01","30.11","2031.70","-98.52"
"home_appliances_2","2017-03-01","568.43","30.11","1787.84"
"home_appliances_2","2017-04-01","946.97","568.43","66.59"
"home_appliances_2","2017-05-01","1587.47","946.97","67.64"
"home_appliances_2","2017-06-01","1435.07","1587.47","-9.60"
"home_appliances_2","2017-07-01","1306.88","1435.07","-8.93"
"home_appliances_2","2017-08-01","4355.28","1306.88","233.26"
"home_appliances_2","2017-09-01","1928.62","4355.28","-55.72"
"home_appliances_2","2017-10-01","2444.64","1928.62","26.76"
"home_appliances_2","2017-11-01","5428.50","2444.64","122.06"
"home_appliances_2","2017-12-01","2272.45","5428.50","-58.14"
"home_appliances_2","2018-01-01","9109.57","2272.45","300.87"
"home_appliances_2","2018-02-01","9690.42","9109.57","6.38"
"home_appliances_2","2018-03-01","6085.99","9690.42","-37.20"
"home_appliances_2","2018-04-01","21959.04","6085.99","260.81"
"home_appliances_2","2018-05-01","15597.83","21959.04","-28.97"
"home_appliances_2","2018-06-01","9112.54","15597.83","-41.58"
"home_appliances_2","2018-07-01","11157.59","9112.54","22.44"
"home_appliances_2","2018-08-01","8248.52","11157.59","-26.07"
"home_comfort_2","2017-01-01","95.57",NULL,NULL
"home_comfort_2","2017-03-01","390.89","95.57","309.01"
"home_comfort_2","2017-04-01","23.86","390.89","-93.90"
"home_comfort_2","2017-06-01","28.0","23.86","17.35"
"home_comfort_2","2017-07-01","28.0","28.0","0.00"
"home_comfort_2","2017-08-01","69.91","28.0","149.68"
"home_comfort_2","2017-09-01","29.69","69.91","-57.53"
"home_comfort_2","2017-10-01","140.0","29.69","371.54"
"home_comfort_2","2017-11-01","80.75","140.0","-42.32"
"home_comfort_2","2018-02-01","84.0","80.75","4.02"
"home_comfort_2","2018-03-01","44.33","84.0","-47.23"
"home_comfort_2","2018-04-01","18.76","44.33","-57.68"
"home_comfort_2","2018-06-01","51.38","18.76","173.88"
"home_comfort_2","2018-07-01","85.44","51.38","66.29"
"home_confort","2017-02-01","471.27",NULL,NULL
"home_confort","2017-03-01","2380.79","471.27","405.19"
"home_confort","2017-04-01","2712.95","2380.79","13.95"
"home_confort","2017-05-01","5684.61","2712.95","109.54"
"home_confort","2017-06-01","2682.39","5684.61","-52.81"
"home_confort","2017-07-01","5401.43","2682.39","101.37"
"home_confort","2017-08-01","4196.96","5401.43","-22.30"
"home_confort","2017-09-01","4988.87","4196.96","18.87"
"home_confort","2017-10-01","4072.65","4988.87","-18.37"
"home_confort","2017-11-01","6245.13","4072.65","53.34"
"home_confort","2017-12-01","2544.89","6245.13","-59.25"
"home_confort","2018-01-01","3435.61","2544.89","35.00"
"home_confort","2018-02-01","3397.87","3435.61","-1.10"
"home_confort","2018-03-01","3060.62","3397.87","-9.93"
"home_confort","2018-04-01","2274.26","3060.62","-25.69"
"home_confort","2018-05-01","3105.32","2274.26","36.54"
"home_confort","2018-06-01","2701.94","3105.32","-12.99"
"home_confort","2018-07-01","3366.25","2701.94","24.59"
"home_confort","2018-08-01","2377.87","3366.25","-29.36"
"home_construction","2017-02-01","764.57",NULL,NULL
"home_construction","2017-03-01","718.69","764.57","-6.00"
"home_construction","2017-04-01","1696.94","718.69","136.12"
"home_construction","2017-05-01","1731.60","1696.94","2.04"
"home_construction","2017-06-01","2141.18","1731.60","23.65"
"home_construction","2017-07-01","123.8","2141.18","-94.22"
"home_construction","2017-08-01","141.43","123.8","14.24"
"home_construction","2017-09-01","1759.36","141.43","1143.98"
"home_construction","2017-10-01","4752.21","1759.36","170.11"
"home_construction","2017-11-01","5726.54","4752.21","20.50"
"home_construction","2017-12-01","7768.25","5726.54","35.65"
"home_construction","2018-01-01","6626.98","7768.25","-14.69"
"home_construction","2018-02-01","5969.44","6626.98","-9.92"
"home_construction","2018-03-01","6322.64","5969.44","5.92"
"home_construction","2018-04-01","9766.48","6322.64","54.47"
"home_construction","2018-05-01","11456.03","9766.48","17.30"
"home_construction","2018-06-01","10936.73","11456.03","-4.53"
"home_construction","2018-07-01","7702.60","10936.73","-29.57"
"home_construction","2018-08-01","7482.97","7702.60","-2.85"
"housewares","2016-10-01","1542.54",NULL,NULL
"housewares","2017-01-01","3269.76","1542.54","111.97"
"housewares","2017-02-01","12483.24","3269.76","281.78"
"housewares","2017-03-01","16447.42","12483.24","31.76"
"housewares","2017-04-01","15097.05","16447.42","-8.21"
"housewares","2017-05-01","26606.29","15097.05","76.24"
"housewares","2017-06-01","29048.93","26606.29","9.18"
"housewares","2017-07-01","24289.16","29048.93","-16.39"
"housewares","2017-08-01","28579.35","24289.16","17.66"
"housewares","2017-09-01","24557.19","28579.35","-14.07"
"housewares","2017-10-01","20080.03","24557.19","-18.23"
"housewares","2017-11-01","42279.36","20080.03","110.55"
"housewares","2017-12-01","31165.49","42279.36","-26.29"
"housewares","2018-01-01","44732.83","31165.49","43.53"
"housewares","2018-02-01","43067.33","44732.83","-3.72"
"housewares","2018-03-01","43783.67","43067.33","1.66"
"housewares","2018-04-01","51551.58","43783.67","17.74"
"housewares","2018-05-01","75781.30","51551.58","47.00"
"housewares","2018-06-01","67848.00","75781.30","-10.47"
"housewares","2018-07-01","69191.57","67848.00","1.98"
"housewares","2018-08-01","71581.23","69191.57","3.45"
"industry_commerce_and_business","2016-10-01","433.56",NULL,NULL
"industry_commerce_and_business","2017-02-01","134.94","433.56","-68.88"
"industry_commerce_and_business","2017-03-01","282.03","134.94","109.00"
"industry_commerce_and_business","2017-05-01","552.22","282.03","95.80"
"industry_commerce_and_business","2017-06-01","342.17","552.22","-38.04"
"industry_commerce_and_business","2017-07-01","352.25","342.17","2.95"
"industry_commerce_and_business","2017-08-01","1043.95","352.25","196.37"
"industry_commerce_and_business","2017-09-01","251.71","1043.95","-75.89"
"industry_commerce_and_business","2017-10-01","2468.18","251.71","880.56"
"industry_commerce_and_business","2017-11-01","2245.28","2468.18","-9.03"
"industry_commerce_and_business","2017-12-01","2009.86","2245.28","-10.49"
"industry_commerce_and_business","2018-01-01","3223.83","2009.86","60.40"
"industry_commerce_and_business","2018-02-01","5521.50","3223.83","71.27"
"industry_commerce_and_business","2018-03-01","3607.83","5521.50","-34.66"
"industry_commerce_and_business","2018-04-01","6539.77","3607.83","81.27"
"industry_commerce_and_business","2018-05-01","4743.92","6539.77","-27.46"
"industry_commerce_and_business","2018-06-01","3371.24","4743.92","-28.94"
"industry_commerce_and_business","2018-07-01","5106.96","3371.24","51.49"
"industry_commerce_and_business","2018-08-01","2744.05","5106.96","-46.27"
"kitchen_dining_laundry_garden_furniture","2017-01-01","128.2",NULL,NULL
"kitchen_dining_laundry_garden_furniture","2017-02-01","178.33","128.2","39.10"
"kitchen_dining_laundry_garden_furniture","2017-03-01","169.05","178.33","-5.20"
"kitchen_dining_laundry_garden_furniture","2017-04-01","1282.10","169.05","658.41"
"kitchen_dining_laundry_garden_furniture","2017-05-01","1637.21","1282.10","27.70"
"kitchen_dining_laundry_garden_furniture","2017-06-01","542.59","1637.21","-66.86"
"kitchen_dining_laundry_garden_furniture","2017-07-01","1657.56","542.59","205.49"
"kitchen_dining_laundry_garden_furniture","2017-08-01","1231.29","1657.56","-25.72"
"kitchen_dining_laundry_garden_furniture","2017-09-01","527.88","1231.29","-57.13"
"kitchen_dining_laundry_garden_furniture","2017-10-01","4295.41","527.88","713.71"
"kitchen_dining_laundry_garden_furniture","2017-11-01","6387.13","4295.41","48.70"
"kitchen_dining_laundry_garden_furniture","2017-12-01","5265.02","6387.13","-17.57"
"kitchen_dining_laundry_garden_furniture","2018-01-01","5949.22","5265.02","13.00"
"kitchen_dining_laundry_garden_furniture","2018-02-01","5484.08","5949.22","-7.82"
"kitchen_dining_laundry_garden_furniture","2018-03-01","3602.02","5484.08","-34.32"
"kitchen_dining_laundry_garden_furniture","2018-04-01","3787.86","3602.02","5.16"
"kitchen_dining_laundry_garden_furniture","2018-05-01","2861.28","3787.86","-24.46"
"kitchen_dining_laundry_garden_furniture","2018-06-01","4535.22","2861.28","58.50"
"kitchen_dining_laundry_garden_furniture","2018-07-01","4168.32","4535.22","-8.09"
"kitchen_dining_laundry_garden_furniture","2018-08-01","2589.56","4168.32","-37.88"
"la_cuisine","2017-04-01","34.81",NULL,NULL
"la_cuisine","2017-05-01","232.19","34.81","567.02"
"la_cuisine","2017-07-01","559.23","232.19","140.85"
"la_cuisine","2017-08-01","373.52","559.23","-33.21"
"la_cuisine","2017-10-01","160.83","373.52","-56.94"
"la_cuisine","2017-11-01","137.11","160.83","-14.75"
"la_cuisine","2018-01-01","130.03","137.11","-5.16"
"la_cuisine","2018-03-01","426.7","130.03","228.16"
"la_cuisine","2018-04-01","334.12","426.7","-21.70"
"luggage_accessories","2017-01-01","565.38",NULL,NULL
"luggage_accessories","2017-02-01","2086.65","565.38","269.07"
"luggage_accessories","2017-03-01","7378.39","2086.65","253.60"
"luggage_accessories","2017-04-01","8568.81","7378.39","16.13"
"luggage_accessories","2017-05-01","14860.09","8568.81","73.42"
"luggage_accessories","2017-06-01","10169.35","14860.09","-31.57"
"luggage_accessories","2017-07-01","10243.00","10169.35","0.72"
"luggage_accessories","2017-08-01","8185.80","10243.00","-20.08"
"luggage_accessories","2017-09-01","4859.69","8185.80","-40.63"
"luggage_accessories","2017-10-01","7717.36","4859.69","58.80"
"luggage_accessories","2017-11-01","10472.44","7717.36","35.70"
"luggage_accessories","2017-12-01","7112.48","10472.44","-32.08"
"luggage_accessories","2018-01-01","21815.93","7112.48","206.73"
"luggage_accessories","2018-02-01","7576.11","21815.93","-65.27"
"luggage_accessories","2018-03-01","7333.41","7576.11","-3.20"
"luggage_accessories","2018-04-01","8087.89","7333.41","10.29"
"luggage_accessories","2018-05-01","7794.11","8087.89","-3.63"
"luggage_accessories","2018-06-01","5852.59","7794.11","-24.91"
"luggage_accessories","2018-07-01","6806.76","5852.59","16.30"
"luggage_accessories","2018-08-01","7734.14","6806.76","13.62"
"market_place","2016-10-01","1141.95",NULL,NULL
"market_place","2017-01-01","504.36","1141.95","-55.83"
"market_place","2017-02-01","1942.45","504.36","285.13"
"market_place","2017-03-01","2075.96","1942.45","6.87"
"market_place","2017-04-01","4479.02","2075.96","115.76"
"market_place","2017-05-01","2859.28","4479.02","-36.16"
"market_place","2017-06-01","1491.86","2859.28","-47.82"
"market_place","2017-07-01","1720.19","1491.86","15.31"
"market_place","2017-08-01","2360.93","1720.19","37.25"
"market_place","2017-09-01","1349.62","2360.93","-42.84"
"market_place","2017-10-01","1178.12","1349.62","-12.71"
"market_place","2017-11-01","1682.61","1178.12","42.82"
"market_place","2017-12-01","884.26","1682.61","-47.45"
"market_place","2018-01-01","1046.76","884.26","18.38"
"market_place","2018-02-01","2366.34","1046.76","126.06"
"market_place","2018-03-01","1855.19","2366.34","-21.60"
"market_place","2018-04-01","811.60","1855.19","-56.25"
"market_place","2018-05-01","1186.79","811.60","46.23"
"market_place","2018-06-01","678.79","1186.79","-42.80"
"market_place","2018-07-01","277.34","678.79","-59.14"
"market_place","2018-08-01","1107.97","277.34","299.50"
"music","2017-01-01","37.24",NULL,NULL
"music","2017-03-01","42.51","37.24","14.15"
"music","2017-04-01","88.84","42.51","108.99"
"music","2017-06-01","1141.12","88.84","1184.47"
"music","2017-07-01","350.54","1141.12","-69.28"
"music","2017-10-01","70.03","350.54","-80.02"
"music","2018-01-01","40.07","70.03","-42.78"
"music","2018-02-01","277.24","40.07","591.89"
"music","2018-03-01","362.36","277.24","30.70"
"music","2018-04-01","1842.06","362.36","408.35"
"music","2018-05-01","827.40","1842.06","-55.08"
"music","2018-06-01","169.56","827.40","-79.51"
"music","2018-07-01","893.28","169.56","426.82"
"music","2018-08-01","582.61","893.28","-34.78"
"musical_instruments","2017-01-01","357.74",NULL,NULL
"musical_instruments","2017-02-01","2465.25","357.74","589.12"
"musical_instruments","2017-03-01","1887.51","2465.25","-23.44"
"musical_instruments","2017-04-01","4114.27","1887.51","117.97"
"musical_instruments","2017-05-01","10102.98","4114.27","145.56"
"musical_instruments","2017-06-01","5515.32","10102.98","-45.41"
"musical_instruments","2017-07-01","8030.27","5515.32","45.60"
"musical_instruments","2017-08-01","7703.20","8030.27","-4.07"
"musical_instruments","2017-09-01","9149.88","7703.20","18.78"
"musical_instruments","2017-10-01","6765.82","9149.88","-26.06"
"musical_instruments","2017-11-01","17060.47","6765.82","152.16"
"musical_instruments","2017-12-01","11689.59","17060.47","-31.48"
"musical_instruments","2018-01-01","16425.73","11689.59","40.52"
"musical_instruments","2018-02-01","10064.38","16425.73","-38.73"
"musical_instruments","2018-03-01","10155.62","10064.38","0.91"
"musical_instruments","2018-04-01","20296.97","10155.62","99.86"
"musical_instruments","2018-05-01","19847.38","20296.97","-2.22"
"musical_instruments","2018-06-01","17970.76","19847.38","-9.46"
"musical_instruments","2018-07-01","7127.48","17970.76","-60.34"
"musical_instruments","2018-08-01","11705.45","7127.48","64.23"
"office_furniture","2016-10-01","1587.55",NULL,NULL
"office_furniture","2017-01-01","1341.78","1587.55","-15.48"
"office_furniture","2017-02-01","12857.49","1341.78","858.24"
"office_furniture","2017-03-01","13152.68","12857.49","2.30"
"office_furniture","2017-04-01","11164.03","13152.68","-15.12"
"office_furniture","2017-05-01","10019.71","11164.03","-10.25"
"office_furniture","2017-06-01","9095.80","10019.71","-9.22"
"office_furniture","2017-07-01","21022.54","9095.80","131.12"
"office_furniture","2017-08-01","12389.04","21022.54","-41.07"
"office_furniture","2017-09-01","11401.99","12389.04","-7.97"
"office_furniture","2017-10-01","21926.23","11401.99","92.30"
"office_furniture","2017-11-01","22687.87","21926.23","3.47"
"office_furniture","2017-12-01","8415.70","22687.87","-62.91"
"office_furniture","2018-01-01","24919.94","8415.70","196.11"
"office_furniture","2018-02-01","21419.84","24919.94","-14.05"
"office_furniture","2018-03-01","39166.09","21419.84","82.85"
"office_furniture","2018-04-01","25804.25","39166.09","-34.12"
"office_furniture","2018-05-01","25130.31","25804.25","-2.61"
"office_furniture","2018-06-01","15738.60","25130.31","-37.37"
"office_furniture","2018-07-01","16619.89","15738.60","5.60"
"office_furniture","2018-08-01","8386.67","16619.89","-49.54"
"party_supplies","2017-07-01","83.41",NULL,NULL
"party_supplies","2017-09-01","303.2","83.41","263.51"
"party_supplies","2017-10-01","163.87","303.2","-45.95"
"party_supplies","2017-11-01","906.57","163.87","453.23"
"party_supplies","2017-12-01","549.92","906.57","-39.34"
"party_supplies","2018-01-01","170.26","549.92","-69.04"
"party_supplies","2018-03-01","1070.29","170.26","528.62"
"party_supplies","2018-04-01","80.26","1070.29","-92.50"
"party_supplies","2018-05-01","170.44","80.26","112.36"
"party_supplies","2018-06-01","112.38","170.44","-34.06"
"party_supplies","2018-07-01","84.36","112.38","-24.93"
"party_supplies","2018-08-01","1590.42","84.36","1785.28"
"pc_gamer","2017-04-01","289.73",NULL,NULL
"pc_gamer","2017-05-01","138.15","289.73","-52.32"
"pc_gamer","2017-06-01","156.18","138.15","13.05"
"pc_gamer","2018-02-01","150.03","156.18","-3.94"
"pc_gamer","2018-07-01","457.38","150.03","204.86"
"pc_gamer","2018-08-01","238.63","457.38","-47.83"
"perfumery","2016-10-01","5315.20",NULL,NULL
"perfumery","2017-01-01","5654.01","5315.20","6.37"
"perfumery","2017-02-01","8825.04","5654.01","56.08"
"perfumery","2017-03-01","21383.40","8825.04","142.30"
"perfumery","2017-04-01","21124.96","21383.40","-1.21"
"perfumery","2017-05-01","22237.26","21124.96","5.27"
"perfumery","2017-06-01","26352.57","22237.26","18.51"
"perfumery","2017-07-01","14550.84","26352.57","-44.78"
"perfumery","2017-08-01","14981.47","14550.84","2.96"
"perfumery","2017-09-01","16204.69","14981.47","8.16"
"perfumery","2017-10-01","20032.37","16204.69","23.62"
"perfumery","2017-11-01","36403.98","20032.37","81.73"
"perfumery","2017-12-01","30076.96","36403.98","-17.38"
"perfumery","2018-01-01","22817.13","30076.96","-24.14"
"perfumery","2018-02-01","23182.85","22817.13","1.60"
"perfumery","2018-03-01","23350.66","23182.85","0.72"
"perfumery","2018-04-01","18065.28","23350.66","-22.63"
"perfumery","2018-05-01","27286.77","18065.28","51.05"
"perfumery","2018-06-01","30088.81","27286.77","10.27"
"perfumery","2018-07-01","20469.09","30088.81","-31.97"
"perfumery","2018-08-01","28317.18","20469.09","38.34"
"pet_shop","2016-10-01","775.86",NULL,NULL
"pet_shop","2017-01-01","996.39","775.86","28.42"
"pet_shop","2017-02-01","4232.32","996.39","324.77"
"pet_shop","2017-03-01","9008.30","4232.32","112.85"
"pet_shop","2017-04-01","7126.84","9008.30","-20.89"
"pet_shop","2017-05-01","9568.98","7126.84","34.27"
"pet_shop","2017-06-01","6308.43","9568.98","-34.07"
"pet_shop","2017-07-01","7996.23","6308.43","26.75"
"pet_shop","2017-08-01","12128.78","7996.23","51.68"
"pet_shop","2017-09-01","9875.16","12128.78","-18.58"
"pet_shop","2017-10-01","9623.98","9875.16","-2.54"
"pet_shop","2017-11-01","13235.57","9623.98","37.53"
"pet_shop","2017-12-01","8611.89","13235.57","-34.93"
"pet_shop","2018-01-01","12581.32","8611.89","46.09"
"pet_shop","2018-02-01","11266.80","12581.32","-10.45"
"pet_shop","2018-03-01","16067.14","11266.80","42.61"
"pet_shop","2018-04-01","19992.52","16067.14","24.43"
"pet_shop","2018-05-01","14084.07","19992.52","-29.55"
"pet_shop","2018-06-01","22728.57","14084.07","61.38"
"pet_shop","2018-07-01","21445.42","22728.57","-5.65"
"pet_shop","2018-08-01","28271.00","21445.42","31.83"
"portable_kitchen_and_food_preparers","2018-05-01","2046.41",NULL,NULL
"portable_kitchen_and_food_preparers","2018-07-01","276.08","2046.41","-86.51"
"portable_kitchen_and_food_preparers","2018-08-01","1905.56","276.08","590.22"
"security_and_services","2017-01-01","209.06",NULL,NULL
"security_and_services","2017-09-01","115.45","209.06","-44.78"
"signaling_and_security","2017-03-01","91.23",NULL,NULL
"signaling_and_security","2017-04-01","183.65","91.23","101.30"
"signaling_and_security","2017-05-01","775.94","183.65","322.51"
"signaling_and_security","2017-06-01","186.95","775.94","-75.91"
"signaling_and_security","2017-07-01","618.78","186.95","230.99"
"signaling_and_security","2017-08-01","443.47","618.78","-28.33"
"signaling_and_security","2017-09-01","536.55","443.47","20.99"
"signaling_and_security","2017-10-01","907.70","536.55","69.17"
"signaling_and_security","2017-11-01","792.79","907.70","-12.66"
"signaling_and_security","2017-12-01","842.44","792.79","6.26"
"signaling_and_security","2018-01-01","1295.97","842.44","53.84"
"signaling_and_security","2018-02-01","987.67","1295.97","-23.79"
"signaling_and_security","2018-03-01","1079.56","987.67","9.30"
"signaling_and_security","2018-04-01","2898.78","1079.56","168.51"
"signaling_and_security","2018-05-01","862.99","2898.78","-70.23"
"signaling_and_security","2018-06-01","6940.76","862.99","704.27"
"signaling_and_security","2018-07-01","5848.96","6940.76","-15.73"
"signaling_and_security","2018-08-01","2158.67","5848.96","-63.09"
"small_appliances","2017-01-01","1788.25",NULL,NULL
"small_appliances","2017-02-01","8022.25","1788.25","348.61"
"small_appliances","2017-03-01","12028.55","8022.25","49.94"
"small_appliances","2017-04-01","23918.29","12028.55","98.85"
"small_appliances","2017-05-01","5727.35","23918.29","-76.05"
"small_appliances","2017-06-01","10342.28","5727.35","80.58"
"small_appliances","2017-07-01","4310.00","10342.28","-58.33"
"small_appliances","2017-08-01","4838.18","4310.00","12.25"
"small_appliances","2017-09-01","10913.08","4838.18","125.56"
"small_appliances","2017-10-01","7124.64","10913.08","-34.71"
"small_appliances","2017-11-01","7487.98","7124.64","5.10"
"small_appliances","2017-12-01","8063.07","7487.98","7.68"
"small_appliances","2018-01-01","15579.25","8063.07","93.22"
"small_appliances","2018-02-01","5912.74","15579.25","-62.05"
"small_appliances","2018-03-01","14693.11","5912.74","148.50"
"small_appliances","2018-04-01","12850.61","14693.11","-12.54"
"small_appliances","2018-05-01","11440.57","12850.61","-10.97"
"small_appliances","2018-06-01","15619.27","11440.57","36.53"
"small_appliances","2018-07-01","8779.45","15619.27","-43.79"
"small_appliances","2018-08-01","6841.09","8779.45","-22.08"
"small_appliances_home_oven_and_coffee","2017-06-01","88.65",NULL,NULL
"small_appliances_home_oven_and_coffee","2017-08-01","33.75","88.65","-61.93"
"small_appliances_home_oven_and_coffee","2017-09-01","673.47","33.75","1895.47"
"small_appliances_home_oven_and_coffee","2018-01-01","385.13","673.47","-42.81"
"small_appliances_home_oven_and_coffee","2018-02-01","3213.64","385.13","734.43"
"small_appliances_home_oven_and_coffee","2018-03-01","8220.48","3213.64","155.80"
"small_appliances_home_oven_and_coffee","2018-04-01","13921.62","8220.48","69.35"
"small_appliances_home_oven_and_coffee","2018-05-01","10474.54","13921.62","-24.76"
"small_appliances_home_oven_and_coffee","2018-06-01","3672.13","10474.54","-64.94"
"small_appliances_home_oven_and_coffee","2018-07-01","4158.46","3672.13","13.24"
"small_appliances_home_oven_and_coffee","2018-08-01","3279.78","4158.46","-21.13"
"sports_leisure","2016-10-01","2490.76",NULL,NULL
"sports_leisure","2017-01-01","10754.95","2490.76","331.79"
"sports_leisure","2017-02-01","18519.89","10754.95","72.20"
"sports_leisure","2017-03-01","29343.27","18519.89","58.44"
"sports_leisure","2017-04-01","26977.69","29343.27","-8.06"
"sports_leisure","2017-05-01","39553.24","26977.69","46.61"
"sports_leisure","2017-06-01","37947.86","39553.24","-4.06"
"sports_leisure","2017-07-01","43744.08","37947.86","15.27"
"sports_leisure","2017-08-01","47919.64","43744.08","9.55"
"sports_leisure","2017-09-01","57463.77","47919.64","19.92"
"sports_leisure","2017-10-01","56797.18","57463.77","-1.16"
"sports_leisure","2017-11-01","73149.22","56797.18","28.79"
"sports_leisure","2017-12-01","68184.69","73149.22","-6.79"
"sports_leisure","2018-01-01","99078.58","68184.69","45.31"
"sports_leisure","2018-02-01","85629.22","99078.58","-13.57"
"sports_leisure","2018-03-01","95994.77","85629.22","12.11"
"sports_leisure","2018-04-01","74843.17","95994.77","-22.03"
"sports_leisure","2018-05-01","68273.23","74843.17","-8.78"
"sports_leisure","2018-06-01","53020.73","68273.23","-22.34"
"sports_leisure","2018-07-01","57314.96","53020.73","8.10"
"sports_leisure","2018-08-01","58751.26","57314.96","2.51"
"stationery","2017-01-01","1754.61",NULL,NULL
"stationery","2017-02-01","2646.03","1754.61","50.80"
"stationery","2017-03-01","6994.89","2646.03","164.35"
"stationery","2017-04-01","4936.32","6994.89","-29.43"
"stationery","2017-05-01","6664.06","4936.32","35.00"
"stationery","2017-06-01","4176.05","6664.06","-37.33"
"stationery","2017-07-01","8101.33","4176.05","94.00"
"stationery","2017-08-01","7885.50","8101.33","-2.66"
"stationery","2017-09-01","7202.08","7885.50","-8.67"
"stationery","2017-10-01","9530.39","7202.08","32.33"
"stationery","2017-11-01","19804.85","9530.39","107.81"
"stationery","2017-12-01","29428.15","19804.85","48.59"
"stationery","2018-01-01","46187.27","29428.15","56.95"
"stationery","2018-02-01","12442.23","46187.27","-73.06"
"stationery","2018-03-01","15868.44","12442.23","27.54"
"stationery","2018-04-01","12941.77","15868.44","-18.44"
"stationery","2018-05-01","14779.30","12941.77","14.20"
"stationery","2018-06-01","15725.11","14779.30","6.40"
"stationery","2018-07-01","20754.53","15725.11","31.98"
"stationery","2018-08-01","18532.33","20754.53","-10.71"
"tablets_printing_image","2017-02-01","940.52",NULL,NULL
"tablets_printing_image","2017-03-01","587.91","940.52","-37.49"
"tablets_printing_image","2017-04-01","1312.23","587.91","123.20"
"tablets_printing_image","2017-05-01","1607.02","1312.23","22.46"
"tablets_printing_image","2017-06-01","679.17","1607.02","-57.74"
"tablets_printing_image","2017-07-01","219.63","679.17","-67.66"
"tablets_printing_image","2017-08-01","557.82","219.63","153.98"
"tablets_printing_image","2017-09-01","279.88","557.82","-49.83"
"tablets_printing_image","2017-10-01","111.19","279.88","-60.27"
"tablets_printing_image","2017-11-01","442.39","111.19","297.87"
"tablets_printing_image","2017-12-01","475.02","442.39","7.38"
"tablets_printing_image","2018-01-01","186.77","475.02","-60.68"
"tablets_printing_image","2018-02-01","866.49","186.77","363.93"
"tablets_printing_image","2018-03-01","287.29","866.49","-66.84"
"tablets_printing_image","2018-04-01","70.24","287.29","-75.55"
"tablets_printing_image","2018-05-01","58.19","70.24","-17.16"
"tablets_printing_image","2018-06-01","72.85","58.19","25.19"
"telephony","2016-10-01","334.25",NULL,NULL
"telephony","2017-01-01","1128.27","334.25","237.55"
"telephony","2017-02-01","8369.64","1128.27","641.81"
"telephony","2017-03-01","10366.15","8369.64","23.85"
"telephony","2017-04-01","9307.05","10366.15","-10.22"
"telephony","2017-05-01","12068.53","9307.05","29.67"
"telephony","2017-06-01","8933.27","12068.53","-25.98"
"telephony","2017-07-01","11177.74","8933.27","25.12"
"telephony","2017-08-01","12791.05","11177.74","14.43"
"telephony","2017-09-01","21147.97","12791.05","65.33"
"telephony","2017-10-01","24617.31","21147.97","16.41"
"telephony","2017-11-01","31817.78","24617.31","29.25"
"telephony","2017-12-01","16355.40","31817.78","-48.60"
"telephony","2018-01-01","20207.04","16355.40","23.55"
"telephony","2018-02-01","18436.18","20207.04","-8.76"
"telephony","2018-03-01","30041.16","18436.18","62.95"
"telephony","2018-04-01","18738.06","30041.16","-37.63"
"telephony","2018-05-01","22842.41","18738.06","21.90"
"telephony","2018-06-01","26309.54","22842.41","15.18"
"telephony","2018-07-01","28875.81","26309.54","9.75"
"telephony","2018-08-01","41427.50","28875.81","43.47"
"toys","2016-10-01","4480.31",NULL,NULL
"toys","2017-01-01","5291.26","4480.31","18.10"
"toys","2017-02-01","10533.61","5291.26","99.08"
"toys","2017-03-01","14248.29","10533.61","35.27"
"toys","2017-04-01","14807.35","14248.29","3.92"
"toys","2017-05-01","25588.89","14807.35","72.81"
"toys","2017-06-01","18051.30","25588.89","-29.46"
"toys","2017-07-01","27430.84","18051.30","51.96"
"toys","2017-08-01","20748.61","27430.84","-24.36"
"toys","2017-09-01","34892.51","20748.61","68.17"
"toys","2017-10-01","38266.61","34892.51","9.67"
"toys","2017-11-01","71922.79","38266.61","87.95"
"toys","2017-12-01","63281.03","71922.79","-12.02"
"toys","2018-01-01","24211.17","63281.03","-61.74"
"toys","2018-02-01","16384.85","24211.17","-32.33"
"toys","2018-03-01","26980.27","16384.85","64.67"
"toys","2018-04-01","25532.30","26980.27","-5.37"
"toys","2018-05-01","34769.44","25532.30","36.18"
"toys","2018-06-01","24009.12","34769.44","-30.95"
"toys","2018-07-01","18190.02","24009.12","-24.24"
"toys","2018-08-01","20122.11","18190.02","10.62"
"watches_gifts","2016-10-01","2793.71",NULL,NULL
"watches_gifts","2017-01-01","8310.83","2793.71","197.48"
"watches_gifts","2017-02-01","11524.20","8310.83","38.66"
"watches_gifts","2017-03-01","26152.34","11524.20","126.93"
"watches_gifts","2017-04-01","24815.89","26152.34","-5.11"
"watches_gifts","2017-05-01","38924.38","24815.89","56.85"
"watches_gifts","2017-06-01","29142.41","38924.38","-25.13"
"watches_gifts","2017-07-01","36048.58","29142.41","23.70"
"watches_gifts","2017-08-01","39578.95","36048.58","9.79"
"watches_gifts","2017-09-01","47450.60","39578.95","19.89"
"watches_gifts","2017-10-01","69770.94","47450.60","47.04"
"watches_gifts","2017-11-01","103135.30","69770.94","47.82"
"watches_gifts","2017-12-01","74827.25","103135.30","-27.45"
"watches_gifts","2018-01-01","78989.94","74827.25","5.56"
"watches_gifts","2018-02-01","66599.36","78989.94","-15.69"
"watches_gifts","2018-03-01","104292.26","66599.36","56.60"
"watches_gifts","2018-04-01","91622.85","104292.26","-12.15"
"watches_gifts","2018-05-01","127770.53","91622.85","39.45"
"watches_gifts","2018-06-01","92618.79","127770.53","-27.51"
"watches_gifts","2018-07-01","98820.60","92618.79","6.70"
"watches_gifts","2018-08-01","74839.20","98820.60","-24.27"
