"category_name","month","avg_review_score","total_reviews"
"agro_industry_and_commerce","2017-01-01","4.33","3"
"agro_industry_and_commerce","2017-02-01","3.86","7"
"agro_industry_and_commerce","2017-03-01","2.00","2"
"agro_industry_and_commerce","2017-05-01","4.75","4"
"agro_industry_and_commerce","2017-06-01","1.00","1"
"agro_industry_and_commerce","2017-07-01","5.00","1"
"agro_industry_and_commerce","2017-08-01","5.00","4"
"agro_industry_and_commerce","2017-09-01","3.25","4"
"agro_industry_and_commerce","2017-10-01","4.20","5"
"agro_industry_and_commerce","2017-11-01","2.79","19"
"agro_industry_and_commerce","2017-12-01","4.64","11"
"agro_industry_and_commerce","2018-01-01","4.50","18"
"agro_industry_and_commerce","2018-02-01","4.31","26"
"agro_industry_and_commerce","2018-03-01","4.31","26"
"agro_industry_and_commerce","2018-04-01","4.00","11"
"agro_industry_and_commerce","2018-05-01","4.50","8"
"agro_industry_and_commerce","2018-06-01","4.20","10"
"agro_industry_and_commerce","2018-07-01","4.31","26"
"agro_industry_and_commerce","2018-08-01","3.78","18"
"air_conditioning","2016-10-01","4.50","8"
"air_conditioning","2017-01-01","3.50","4"
"air_conditioning","2017-02-01","2.90","10"
"air_conditioning","2017-03-01","4.41","17"
"air_conditioning","2017-04-01","4.71","14"
"air_conditioning","2017-05-01","4.71","7"
"air_conditioning","2017-06-01","4.09","11"
"air_conditioning","2017-07-01","3.40","5"
"air_conditioning","2017-08-01","4.62","13"
"air_conditioning","2017-09-01","4.43","7"
"air_conditioning","2017-10-01","3.92","12"
"air_conditioning","2017-11-01","3.94","18"
"air_conditioning","2017-12-01","4.33","3"
"air_conditioning","2018-01-01","3.93","27"
"air_conditioning","2018-02-01","4.33","12"
"air_conditioning","2018-03-01","3.71","24"
"air_conditioning","2018-04-01","4.63","19"
"air_conditioning","2018-05-01","4.29","14"
"air_conditioning","2018-06-01","2.73","15"
"air_conditioning","2018-07-01","4.25","16"
"air_conditioning","2018-08-01","3.81","21"
"art","2017-03-01","4.75","4"
"art","2017-04-01","4.00","1"
"art","2017-05-01","5.00","6"
"art","2017-06-01","5.00","3"
"art","2017-07-01","4.33","3"
"art","2017-08-01","4.25","4"
"art","2017-09-01","3.33","3"
"art","2017-10-01","4.67","3"
"art","2017-11-01","5.00","1"
"art","2017-12-01","5.00","3"
"art","2018-01-01","3.47","19"
"art","2018-02-01","3.92","12"
"art","2018-03-01","3.57","7"
"art","2018-04-01","4.48","23"
"art","2018-05-01","3.91","34"
"art","2018-06-01","4.29","28"
"art","2018-07-01","3.68","19"
"art","2018-08-01","4.11","18"
"arts_and_craftmanship","2017-05-01","5.00","1"
"arts_and_craftmanship","2017-07-01","5.00","1"
"arts_and_craftmanship","2018-05-01","4.00","1"
"arts_and_craftmanship","2018-07-01","3.64","11"
"arts_and_craftmanship","2018-08-01","4.56","9"
"audio","2016-10-01","5.00","2"
"audio","2017-02-01","3.40","5"
"audio","2017-03-01","3.86","14"
"audio","2017-04-01","3.55","11"
"audio","2017-05-01","4.18","17"
"audio","2017-06-01","3.91","11"
"audio","2017-07-01","4.00","5"
"audio","2017-08-01","3.86","7"
"audio","2017-09-01","4.10","10"
"audio","2017-10-01","3.60","30"
"audio","2017-11-01","3.56","36"
"audio","2017-12-01","4.18","17"
"audio","2018-01-01","4.12","26"
"audio","2018-02-01","3.27","15"
"audio","2018-03-01","2.94","34"
"audio","2018-04-01","4.04","28"
"audio","2018-05-01","3.76","21"
"audio","2018-06-01","4.22","18"
"audio","2018-07-01","4.38","21"
"audio","2018-08-01","4.23","26"
"auto","2016-10-01","3.63","8"
"auto","2017-01-01","3.74","31"
"auto","2017-02-01","4.37","82"
"auto","2017-03-01","4.36","78"
"auto","2017-04-01","3.94","82"
"auto","2017-05-01","4.06","111"
"auto","2017-06-01","4.00","108"
"auto","2017-07-01","4.17","112"
"auto","2017-08-01","4.32","141"
"auto","2017-09-01","4.09","106"
"auto","2017-10-01","4.06","150"
"auto","2017-11-01","3.97","259"
"auto","2017-12-01","3.99","255"
"auto","2018-01-01","4.06","265"
"auto","2018-02-01","3.94","312"
"auto","2018-03-01","3.86","331"
"auto","2018-04-01","4.13","332"
"auto","2018-05-01","4.15","303"
"auto","2018-06-01","4.14","286"
"auto","2018-07-01","4.40","314"
"auto","2018-08-01","4.31","364"
"baby","2016-10-01","4.09","11"
"baby","2017-01-01","4.72","39"
"baby","2017-02-01","4.35","31"
"baby","2017-03-01","4.24","42"
"baby","2017-04-01","3.80","50"
"baby","2017-05-01","4.26","101"
"baby","2017-06-01","3.61","77"
"baby","2017-07-01","4.50","125"
"baby","2017-08-01","4.36","128"
"baby","2017-09-01","4.12","167"
"baby","2017-10-01","4.35","135"
"baby","2017-11-01","3.80","196"
"baby","2017-12-01","3.86","135"
"baby","2018-01-01","3.81","216"
"baby","2018-02-01","3.75","166"
"baby","2018-03-01","3.68","214"
"baby","2018-04-01","4.01","225"
"baby","2018-05-01","4.20","236"
"baby","2018-06-01","4.20","219"
"baby","2018-07-01","4.38","192"
"baby","2018-08-01","4.22","211"
"bed_bath_table","2016-10-01","3.38","8"
"bed_bath_table","2017-01-01","4.21","42"
"bed_bath_table","2017-02-01","4.31","158"
"bed_bath_table","2017-03-01","4.01","273"
"bed_bath_table","2017-04-01","4.02","268"
"bed_bath_table","2017-05-01","4.17","352"
"bed_bath_table","2017-06-01","4.06","361"
"bed_bath_table","2017-07-01","4.10","554"
"bed_bath_table","2017-08-01","4.08","493"
"bed_bath_table","2017-09-01","4.05","517"
"bed_bath_table","2017-10-01","3.82","543"
"bed_bath_table","2017-11-01","3.60","944"
"bed_bath_table","2017-12-01","3.83","537"
"bed_bath_table","2018-01-01","3.88","821"
"bed_bath_table","2018-02-01","3.56","675"
"bed_bath_table","2018-03-01","3.65","770"
"bed_bath_table","2018-04-01","3.97","675"
"bed_bath_table","2018-05-01","4.01","721"
"bed_bath_table","2018-06-01","3.96","744"
"bed_bath_table","2018-07-01","4.26","544"
"bed_bath_table","2018-08-01","4.08","638"
"books_general_interest","2017-01-01","5.00","2"
"books_general_interest","2017-02-01","4.38","8"
"books_general_interest","2017-03-01","4.38","24"
"books_general_interest","2017-04-01","4.73","11"
"books_general_interest","2017-05-01","4.45","20"
"books_general_interest","2017-06-01","4.75","20"
"books_general_interest","2017-07-01","5.00","13"
"books_general_interest","2017-08-01","4.77","26"
"books_general_interest","2017-09-01","3.93","14"
"books_general_interest","2017-10-01","4.70","10"
"books_general_interest","2017-11-01","4.25","36"
"books_general_interest","2017-12-01","4.59","41"
"books_general_interest","2018-01-01","4.68","44"
"books_general_interest","2018-02-01","4.36","28"
"books_general_interest","2018-03-01","4.50","38"
"books_general_interest","2018-04-01","4.54","41"
"books_general_interest","2018-05-01","4.46","50"
"books_general_interest","2018-06-01","4.76","37"
"books_general_interest","2018-07-01","4.38","21"
"books_general_interest","2018-08-01","4.25","36"
"books_imported","2017-04-01","1.00","1"
"books_imported","2017-06-01","5.00","2"
"books_imported","2017-08-01","5.00","1"
"books_imported","2017-09-01","5.00","4"
"books_imported","2017-11-01","5.00","3"
"books_imported","2017-12-01","3.33","3"
"books_imported","2018-01-01","3.83","6"
"books_imported","2018-02-01","4.33","3"
"books_imported","2018-03-01","5.00","3"
"books_imported","2018-04-01","4.75","4"
"books_imported","2018-05-01","4.90","10"
"books_imported","2018-06-01","5.00","9"
"books_imported","2018-07-01","3.40","5"
"books_imported","2018-08-01","5.00","1"
"books_technical","2017-02-01","4.00","1"
"books_technical","2017-03-01","5.00","2"
"books_technical","2017-04-01","4.00","1"
"books_technical","2017-05-01","4.67","3"
"books_technical","2017-06-01","5.00","2"
"books_technical","2017-07-01","5.00","2"
"books_technical","2017-08-01","4.67","9"
"books_technical","2017-09-01","4.25","8"
"books_technical","2017-10-01","4.83","6"
"books_technical","2017-11-01","3.67","6"
"books_technical","2017-12-01","4.00","4"
"books_technical","2018-01-01","4.82","17"
"books_technical","2018-02-01","4.00","23"
"books_technical","2018-03-01","4.18","17"
"books_technical","2018-04-01","4.64","22"
"books_technical","2018-05-01","4.35","55"
"books_technical","2018-06-01","4.60","25"
"books_technical","2018-07-01","3.95","20"
"books_technical","2018-08-01","4.72","29"
"cds_dvds_musicals","2017-07-01","4.00","5"
"cds_dvds_musicals","2017-08-01","5.00","3"
"cds_dvds_musicals","2017-10-01","5.00","1"
"cds_dvds_musicals","2017-11-01","5.00","3"
"cds_dvds_musicals","2017-12-01","5.00","1"
"cds_dvds_musicals","2018-04-01","5.00","1"
"christmas_supplies","2017-04-01","5.00","1"
"christmas_supplies","2017-06-01","4.33","3"
"christmas_supplies","2017-07-01","4.50","2"
"christmas_supplies","2017-08-01","5.00","1"
"christmas_supplies","2017-09-01","4.75","4"
"christmas_supplies","2017-10-01","4.58","12"
"christmas_supplies","2017-11-01","3.59","22"
"christmas_supplies","2017-12-01","4.40","15"
"christmas_supplies","2018-01-01","3.90","10"
"christmas_supplies","2018-02-01","3.56","18"
"christmas_supplies","2018-03-01","3.00","12"
"christmas_supplies","2018-04-01","4.45","11"
"christmas_supplies","2018-05-01","5.00","6"
"christmas_supplies","2018-06-01","4.57","7"
"christmas_supplies","2018-07-01","4.38","8"
"christmas_supplies","2018-08-01","4.10","10"
"cine_photo","2017-02-01","5.00","1"
"cine_photo","2017-04-01","5.00","2"
"cine_photo","2017-05-01","5.00","1"
"cine_photo","2017-06-01","5.00","1"
"cine_photo","2017-09-01","5.00","1"
"cine_photo","2017-10-01","3.00","1"
"cine_photo","2017-11-01","1.00","1"
"cine_photo","2018-01-01","5.00","2"
"cine_photo","2018-02-01","5.00","2"
"cine_photo","2018-03-01","2.29","7"
"cine_photo","2018-04-01","4.00","3"
"cine_photo","2018-05-01","4.75","16"
"cine_photo","2018-06-01","4.91","11"
"cine_photo","2018-07-01","4.43","7"
"cine_photo","2018-08-01","4.44","9"
"computers","2017-01-01","4.00","1"
"computers","2017-02-01","5.00","1"
"computers","2017-08-01","4.32","28"
"computers","2017-09-01","4.45","40"
"computers","2017-10-01","4.19","26"
"computers","2017-11-01","4.29","7"
"computers","2017-12-01","3.50","22"
"computers","2018-01-01","4.18","11"
"computers","2018-04-01","4.07","15"
"computers","2018-05-01","4.77","13"
"computers","2018-06-01","4.69","13"
"computers","2018-07-01","4.29","7"
"computers","2018-08-01","3.58","12"
"computers_accessories","2016-10-01","3.67","12"
"computers_accessories","2017-01-01","4.30","30"
"computers_accessories","2017-02-01","4.14","98"
"computers_accessories","2017-03-01","3.91","169"
"computers_accessories","2017-04-01","3.93","129"
"computers_accessories","2017-05-01","4.36","303"
"computers_accessories","2017-06-01","4.06","251"
"computers_accessories","2017-07-01","4.14","309"
"computers_accessories","2017-08-01","4.30","340"
"computers_accessories","2017-09-01","4.03","247"
"computers_accessories","2017-10-01","4.16","306"
"computers_accessories","2017-11-01","3.89","510"
"computers_accessories","2017-12-01","4.06","279"
"computers_accessories","2018-01-01","3.90","678"
"computers_accessories","2018-02-01","3.50","957"
"computers_accessories","2018-03-01","3.85","745"
"computers_accessories","2018-04-01","4.02","500"
"computers_accessories","2018-05-01","4.00","452"
"computers_accessories","2018-06-01","4.17","387"
"computers_accessories","2018-07-01","4.28","378"
"computers_accessories","2018-08-01","4.29","408"
"consoles_games","2016-10-01","4.43","7"
"consoles_games","2017-01-01","4.50","20"
"consoles_games","2017-02-01","4.11","18"
"consoles_games","2017-03-01","4.02","45"
"consoles_games","2017-04-01","4.13","16"
"consoles_games","2017-05-01","4.14","29"
"consoles_games","2017-06-01","4.29","28"
"consoles_games","2017-07-01","4.27","45"
"consoles_games","2017-08-01","4.40","84"
"consoles_games","2017-09-01","4.40","63"
"consoles_games","2017-10-01","4.10","105"
"consoles_games","2017-11-01","4.13","127"
"consoles_games","2017-12-01","4.21","92"
"consoles_games","2018-01-01","4.18","49"
"consoles_games","2018-02-01","3.65","51"
"consoles_games","2018-03-01","3.70","53"
"consoles_games","2018-04-01","4.28","39"
"consoles_games","2018-05-01","3.73","51"
"consoles_games","2018-06-01","4.41","41"
"consoles_games","2018-07-01","4.22","41"
"consoles_games","2018-08-01","4.05","59"
"construction_tools_construction","2017-02-01","5.00","3"
"construction_tools_construction","2017-03-01","4.00","1"
"construction_tools_construction","2017-05-01","5.00","1"
"construction_tools_construction","2017-06-01","3.00","8"
"construction_tools_construction","2017-07-01","4.67","6"
"construction_tools_construction","2017-08-01","3.86","7"
"construction_tools_construction","2017-09-01","4.50","10"
"construction_tools_construction","2017-10-01","4.21","19"
"construction_tools_construction","2017-11-01","4.24","46"
"construction_tools_construction","2017-12-01","3.59","27"
"construction_tools_construction","2018-01-01","4.09","47"
"construction_tools_construction","2018-02-01","3.87","67"
"construction_tools_construction","2018-03-01","3.48","65"
"construction_tools_construction","2018-04-01","4.23","84"
"construction_tools_construction","2018-05-01","4.14","124"
"construction_tools_construction","2018-06-01","4.19","110"
"construction_tools_construction","2018-07-01","4.31","105"
"construction_tools_construction","2018-08-01","4.17","160"
"construction_tools_lights","2017-07-01","5.00","1"
"construction_tools_lights","2017-08-01","5.00","2"
"construction_tools_lights","2017-09-01","1.00","1"
"construction_tools_lights","2017-10-01","3.50","2"
"construction_tools_lights","2017-11-01","3.40","10"
"construction_tools_lights","2017-12-01","4.00","2"
"construction_tools_lights","2018-01-01","4.14","7"
"construction_tools_lights","2018-02-01","3.88","16"
"construction_tools_lights","2018-03-01","3.23","13"
"construction_tools_lights","2018-04-01","3.60","40"
"construction_tools_lights","2018-05-01","4.54","35"
"construction_tools_lights","2018-06-01","4.09","44"
"construction_tools_lights","2018-07-01","4.72","53"
"construction_tools_lights","2018-08-01","3.94","62"
"construction_tools_safety","2017-02-01","5.00","1"
"construction_tools_safety","2017-08-01","1.00","1"
"construction_tools_safety","2017-09-01","3.40","5"
"construction_tools_safety","2017-10-01","3.17","12"
"construction_tools_safety","2017-11-01","4.50","14"
"construction_tools_safety","2017-12-01","3.86","7"
"construction_tools_safety","2018-01-01","3.70","10"
"construction_tools_safety","2018-02-01","4.50","8"
"construction_tools_safety","2018-03-01","4.18","22"
"construction_tools_safety","2018-04-01","3.95","22"
"construction_tools_safety","2018-05-01","3.59","22"
"construction_tools_safety","2018-06-01","4.13","16"
"construction_tools_safety","2018-07-01","4.29","14"
"construction_tools_safety","2018-08-01","4.04","24"
"cool_stuff","2016-10-01","4.14","7"
"cool_stuff","2017-01-01","3.76","37"
"cool_stuff","2017-02-01","4.35","69"
"cool_stuff","2017-03-01","4.48","118"
"cool_stuff","2017-04-01","4.11","111"
"cool_stuff","2017-05-01","4.23","243"
"cool_stuff","2017-06-01","4.39","197"
"cool_stuff","2017-07-01","4.28","226"
"cool_stuff","2017-08-01","4.49","254"
"cool_stuff","2017-09-01","4.25","202"
"cool_stuff","2017-10-01","4.31","252"
"cool_stuff","2017-11-01","4.12","293"
"cool_stuff","2017-12-01","4.07","242"
"cool_stuff","2018-01-01","4.16","293"
"cool_stuff","2018-02-01","3.90","178"
"cool_stuff","2018-03-01","3.87","252"
"cool_stuff","2018-04-01","4.17","181"
"cool_stuff","2018-05-01","4.14","174"
"cool_stuff","2018-06-01","4.29","98"
"cool_stuff","2018-07-01","4.36","107"
"cool_stuff","2018-08-01","4.07","117"
"costruction_tools_garden","2017-02-01","5.00","2"
"costruction_tools_garden","2017-04-01","4.38","8"
"costruction_tools_garden","2017-05-01","3.14","7"
"costruction_tools_garden","2017-06-01","4.75","4"
"costruction_tools_garden","2017-07-01","5.00","7"
"costruction_tools_garden","2017-08-01","3.90","10"
"costruction_tools_garden","2017-09-01","5.00","5"
"costruction_tools_garden","2017-10-01","4.00","9"
"costruction_tools_garden","2017-11-01","3.35","17"
"costruction_tools_garden","2017-12-01","4.17","6"
"costruction_tools_garden","2018-01-01","4.42","24"
"costruction_tools_garden","2018-02-01","4.35","20"
"costruction_tools_garden","2018-03-01","4.22","23"
"costruction_tools_garden","2018-04-01","4.60","15"
"costruction_tools_garden","2018-05-01","4.25","16"
"costruction_tools_garden","2018-06-01","4.40","10"
"costruction_tools_garden","2018-07-01","3.94","18"
"costruction_tools_garden","2018-08-01","3.52","23"
"costruction_tools_tools","2017-04-01","5.00","1"
"costruction_tools_tools","2017-05-01","5.00","2"
"costruction_tools_tools","2017-09-01","4.67","3"
"costruction_tools_tools","2017-10-01","4.60","5"
"costruction_tools_tools","2017-11-01","4.20","5"
"costruction_tools_tools","2017-12-01","4.00","6"
"costruction_tools_tools","2018-01-01","3.86","7"
"costruction_tools_tools","2018-02-01","4.40","10"
"costruction_tools_tools","2018-03-01","4.22","9"
"costruction_tools_tools","2018-04-01","4.35","17"
"costruction_tools_tools","2018-05-01","4.80","5"
"costruction_tools_tools","2018-06-01","5.00","4"
"costruction_tools_tools","2018-07-01","4.83","12"
"costruction_tools_tools","2018-08-01","4.46","13"
"diapers_and_hygiene","2016-10-01","5.00","1"
"diapers_and_hygiene","2017-12-01","1.00","2"
"diapers_and_hygiene","2018-01-01","1.00","5"
"diapers_and_hygiene","2018-02-01","3.00","4"
"diapers_and_hygiene","2018-03-01","3.00","5"
"diapers_and_hygiene","2018-04-01","4.25","4"
"diapers_and_hygiene","2018-05-01","4.67","3"
"diapers_and_hygiene","2018-06-01","4.14","7"
"diapers_and_hygiene","2018-07-01","4.00","3"
"diapers_and_hygiene","2018-08-01","4.67","3"
"drinks","2017-03-01","3.60","5"
"drinks","2017-05-01","5.00","1"
"drinks","2017-06-01","4.00","1"
"drinks","2017-07-01","4.00","3"
"drinks","2017-08-01","5.00","2"
"drinks","2017-09-01","4.83","6"
"drinks","2017-10-01","4.25","12"
"drinks","2017-11-01","4.11","18"
"drinks","2017-12-01","4.12","34"
"drinks","2018-01-01","4.10","50"
"drinks","2018-02-01","4.23","31"
"drinks","2018-03-01","3.95","21"
"drinks","2018-04-01","4.06","53"
"drinks","2018-05-01","4.04","45"
"drinks","2018-06-01","3.97","32"
"drinks","2018-07-01","4.77","13"
"drinks","2018-08-01","3.76","25"
"dvds_blu_ray","2017-01-01","5.00","2"
"dvds_blu_ray","2017-02-01","4.00","1"
"dvds_blu_ray","2017-03-01","3.75","4"
"dvds_blu_ray","2017-04-01","5.00","2"
"dvds_blu_ray","2017-05-01","4.75","4"
"dvds_blu_ray","2017-06-01","4.75","4"
"dvds_blu_ray","2017-07-01","3.33","3"
"dvds_blu_ray","2017-08-01","2.83","6"
"dvds_blu_ray","2017-09-01","4.50","2"
"dvds_blu_ray","2017-10-01","5.00","4"
"dvds_blu_ray","2017-11-01","3.67","3"
"dvds_blu_ray","2017-12-01","4.00","1"
"dvds_blu_ray","2018-01-01","5.00","2"
"dvds_blu_ray","2018-02-01","5.00","1"
"dvds_blu_ray","2018-03-01","5.00","2"
"dvds_blu_ray","2018-04-01","4.40","5"
"dvds_blu_ray","2018-05-01","3.57","7"
"dvds_blu_ray","2018-06-01","4.67","6"
"dvds_blu_ray","2018-07-01","2.00","1"
"dvds_blu_ray","2018-08-01","5.00","1"
"electronics","2016-10-01","5.00","1"
"electronics","2017-01-01","3.82","11"
"electronics","2017-02-01","4.21","19"
"electronics","2017-03-01","4.35","37"
"electronics","2017-04-01","4.17","48"
"electronics","2017-05-01","3.91","64"
"electronics","2017-06-01","4.18","40"
"electronics","2017-07-01","4.32","90"
"electronics","2017-08-01","3.93","54"
"electronics","2017-09-01","4.17","66"
"electronics","2017-10-01","3.98","62"
"electronics","2017-11-01","3.98","182"
"electronics","2017-12-01","4.02","209"
"electronics","2018-01-01","3.96","344"
"electronics","2018-02-01","3.87","327"
"electronics","2018-03-01","3.82","254"
"electronics","2018-04-01","4.12","200"
"electronics","2018-05-01","4.35","227"
"electronics","2018-06-01","4.44","189"
"electronics","2018-07-01","4.24","135"
"electronics","2018-08-01","4.18","118"
"fashio_female_clothing","2016-10-01","5.00","1"
"fashio_female_clothing","2017-01-01","4.00","2"
"fashio_female_clothing","2017-02-01","3.67","3"
"fashio_female_clothing","2017-03-01","3.00","1"
"fashio_female_clothing","2017-04-01","2.00","1"
"fashio_female_clothing","2017-05-01","4.00","4"
"fashio_female_clothing","2017-06-01","3.67","3"
"fashio_female_clothing","2017-07-01","4.20","5"
"fashio_female_clothing","2017-08-01","4.25","4"
"fashio_female_clothing","2017-09-01","4.25","4"
"fashio_female_clothing","2017-11-01","2.50","2"
"fashio_female_clothing","2018-01-01","5.00","3"
"fashio_female_clothing","2018-02-01","4.00","1"
"fashio_female_clothing","2018-03-01","4.00","4"
"fashio_female_clothing","2018-04-01","4.00","5"
"fashio_female_clothing","2018-08-01","3.67","3"
"fashion_bags_accessories","2016-10-01","3.50","8"
"fashion_bags_accessories","2016-12-01","5.00","1"
"fashion_bags_accessories","2017-01-01","4.36","33"
"fashion_bags_accessories","2017-02-01","4.31","36"
"fashion_bags_accessories","2017-03-01","4.31","65"
"fashion_bags_accessories","2017-04-01","4.20","45"
"fashion_bags_accessories","2017-05-01","4.20","99"
"fashion_bags_accessories","2017-06-01","4.14","79"
"fashion_bags_accessories","2017-07-01","4.32","85"
"fashion_bags_accessories","2017-08-01","4.33","95"
"fashion_bags_accessories","2017-09-01","4.20","122"
"fashion_bags_accessories","2017-10-01","4.04","107"
"fashion_bags_accessories","2017-11-01","3.66","189"
"fashion_bags_accessories","2017-12-01","4.09","134"
"fashion_bags_accessories","2018-01-01","4.44","121"
"fashion_bags_accessories","2018-02-01","4.10","105"
"fashion_bags_accessories","2018-03-01","3.92","136"
"fashion_bags_accessories","2018-04-01","4.43","91"
"fashion_bags_accessories","2018-05-01","4.56","108"
"fashion_bags_accessories","2018-06-01","4.48","86"
"fashion_bags_accessories","2018-07-01","4.62","69"
"fashion_bags_accessories","2018-08-01","4.24","123"
"fashion_childrens_clothes","2017-05-01","5.00","1"
"fashion_childrens_clothes","2017-06-01","5.00","1"
"fashion_childrens_clothes","2017-09-01","5.00","1"
"fashion_childrens_clothes","2017-10-01","5.00","1"
"fashion_childrens_clothes","2018-03-01","5.00","2"
"fashion_childrens_clothes","2018-06-01","5.00","1"
"fashion_male_clothing","2016-10-01","1.00","1"
"fashion_male_clothing","2017-01-01","5.00","1"
"fashion_male_clothing","2017-02-01","4.67","6"
"fashion_male_clothing","2017-03-01","4.00","9"
"fashion_male_clothing","2017-04-01","4.50","4"
"fashion_male_clothing","2017-05-01","2.50","4"
"fashion_male_clothing","2017-06-01","4.00","9"
"fashion_male_clothing","2017-07-01","4.33","9"
"fashion_male_clothing","2017-08-01","3.29","14"
"fashion_male_clothing","2017-09-01","1.94","16"
"fashion_male_clothing","2017-10-01","4.50","10"
"fashion_male_clothing","2017-11-01","3.73","11"
"fashion_male_clothing","2017-12-01","3.75","4"
"fashion_male_clothing","2018-01-01","4.00","6"
"fashion_male_clothing","2018-02-01","3.00","3"
"fashion_male_clothing","2018-05-01","5.00","1"
"fashion_male_clothing","2018-06-01","4.86","7"
"fashion_male_clothing","2018-07-01","5.00","5"
"fashion_male_clothing","2018-08-01","4.67","3"
"fashion_shoes","2016-10-01","5.00","1"
"fashion_shoes","2017-01-01","5.00","1"
"fashion_shoes","2017-02-01","4.33","3"
"fashion_shoes","2017-03-01","4.57","14"
"fashion_shoes","2017-04-01","4.68","22"
"fashion_shoes","2017-05-01","4.27","22"
"fashion_shoes","2017-06-01","3.32","19"
"fashion_shoes","2017-07-01","4.47","19"
"fashion_shoes","2017-08-01","4.67","21"
"fashion_shoes","2017-09-01","4.33","12"
"fashion_shoes","2017-10-01","4.18","17"
"fashion_shoes","2017-11-01","4.39","18"
"fashion_shoes","2017-12-01","4.54","13"
"fashion_shoes","2018-01-01","4.22","9"
"fashion_shoes","2018-02-01","4.10","10"
"fashion_shoes","2018-03-01","3.45","11"
"fashion_shoes","2018-04-01","4.00","11"
"fashion_shoes","2018-05-01","4.50","10"
"fashion_shoes","2018-06-01","4.60","10"
"fashion_shoes","2018-07-01","4.80","5"
"fashion_shoes","2018-08-01","4.67","3"
"fashion_sport","2017-03-01","5.00","1"
"fashion_sport","2017-04-01","3.50","4"
"fashion_sport","2017-05-01","5.00","3"
"fashion_sport","2017-06-01","5.00","5"
"fashion_sport","2017-07-01","4.00","1"
"fashion_sport","2017-08-01","3.00","2"
"fashion_sport","2017-09-01","4.20","5"
"fashion_sport","2017-10-01","5.00","1"
"fashion_sport","2017-11-01","5.00","1"
"fashion_sport","2017-12-01","5.00","1"
"fashion_sport","2018-01-01","4.00","2"
"fashion_sport","2018-03-01","5.00","1"
"fashion_sport","2018-04-01","5.00","1"
"fashion_sport","2018-08-01","3.00","1"
"fashion_underwear_beach","2017-01-01","3.00","2"
"fashion_underwear_beach","2017-02-01","4.00","8"
"fashion_underwear_beach","2017-03-01","3.83","6"
"fashion_underwear_beach","2017-04-01","4.33","3"
"fashion_underwear_beach","2017-05-01","4.29","7"
"fashion_underwear_beach","2017-06-01","5.00","1"
"fashion_underwear_beach","2017-07-01","4.00","3"
"fashion_underwear_beach","2017-08-01","4.38","13"
"fashion_underwear_beach","2017-09-01","4.44","16"
"fashion_underwear_beach","2017-10-01","4.67","3"
"fashion_underwear_beach","2017-11-01","3.20","10"
"fashion_underwear_beach","2017-12-01","4.23","13"
"fashion_underwear_beach","2018-01-01","4.38","8"
"fashion_underwear_beach","2018-02-01","2.83","6"
"fashion_underwear_beach","2018-03-01","3.00","5"
"fashion_underwear_beach","2018-04-01","4.17","6"
"fashion_underwear_beach","2018-05-01","4.40","5"
"fashion_underwear_beach","2018-06-01","3.50","2"
"fashion_underwear_beach","2018-07-01","3.00","2"
"fashion_underwear_beach","2018-08-01","3.00","1"
"fixed_telephony","2016-10-01","4.00","5"
"fixed_telephony","2017-01-01","4.30","20"
"fixed_telephony","2017-02-01","4.14","22"
"fixed_telephony","2017-03-01","3.25","20"
"fixed_telephony","2017-04-01","4.00","6"
"fixed_telephony","2017-05-01","3.40","10"
"fixed_telephony","2017-06-01","4.33","12"
"fixed_telephony","2017-07-01","3.44","9"
"fixed_telephony","2017-08-01","4.65","20"
"fixed_telephony","2017-09-01","2.23","13"
"fixed_telephony","2017-10-01","3.71","7"
"fixed_telephony","2017-11-01","4.00","4"
"fixed_telephony","2017-12-01","4.40","5"
"fixed_telephony","2018-01-01","4.10","10"
"fixed_telephony","2018-02-01","2.82","11"
"fixed_telephony","2018-03-01","3.57","14"
"fixed_telephony","2018-04-01","3.18","11"
"fixed_telephony","2018-05-01","3.44","16"
"fixed_telephony","2018-06-01","4.24","17"
"fixed_telephony","2018-07-01","3.27","11"
"fixed_telephony","2018-08-01","4.20","10"
"flowers","2017-11-01","4.33","6"
"flowers","2017-12-01","5.00","2"
"flowers","2018-01-01","4.25","8"
"flowers","2018-02-01","4.75","4"
"flowers","2018-03-01","5.00","3"
"flowers","2018-04-01","3.33","3"
"flowers","2018-05-01","3.00","1"
"flowers","2018-06-01","5.00","2"
"flowers","2018-07-01","5.00","2"
"food","2016-10-01","5.00","1"
"food","2017-01-01","5.00","2"
"food","2017-02-01","4.25","8"
"food","2017-03-01","4.38","21"
"food","2017-04-01","4.25","8"
"food","2017-05-01","3.33","3"
"food","2017-06-01","5.00","1"
"food","2017-07-01","5.00","7"
"food","2017-08-01","4.75","8"
"food","2017-09-01","4.29","17"
"food","2017-10-01","4.70","10"
"food","2017-11-01","4.00","12"
"food","2017-12-01","4.50","10"
"food","2018-01-01","3.74","19"
"food","2018-02-01","3.74","38"
"food","2018-03-01","3.74","34"
"food","2018-04-01","4.46","39"
"food","2018-05-01","4.48","44"
"food","2018-06-01","4.04","24"
"food","2018-07-01","4.26","57"
"food","2018-08-01","4.45","111"
"food_drink","2017-03-01","5.00","3"
"food_drink","2017-04-01","3.67","3"
"food_drink","2017-05-01","4.75","12"
"food_drink","2017-06-01","5.00","2"
"food_drink","2017-07-01","4.63","8"
"food_drink","2017-08-01","4.73","15"
"food_drink","2017-09-01","2.67","9"
"food_drink","2017-10-01","4.82","17"
"food_drink","2017-11-01","3.56","32"
"food_drink","2017-12-01","4.75","20"
"food_drink","2018-01-01","4.27","11"
"food_drink","2018-02-01","4.27","22"
"food_drink","2018-03-01","4.47","19"
"food_drink","2018-04-01","4.59","17"
"food_drink","2018-05-01","4.68","25"
"food_drink","2018-06-01","3.36","11"
"food_drink","2018-07-01","4.59","17"
"food_drink","2018-08-01","4.81","21"
"furniture_bedroom","2017-01-01","5.00","8"
"furniture_bedroom","2017-02-01","5.00","1"
"furniture_bedroom","2017-04-01","2.00","3"
"furniture_bedroom","2017-05-01","4.56","9"
"furniture_bedroom","2017-06-01","5.00","2"
"furniture_bedroom","2017-07-01","4.25","4"
"furniture_bedroom","2017-08-01","4.67","3"
"furniture_bedroom","2017-09-01","5.00","4"
"furniture_bedroom","2017-10-01","4.67","3"
"furniture_bedroom","2017-11-01","3.33","3"
"furniture_bedroom","2017-12-01","5.00","1"
"furniture_bedroom","2018-01-01","3.60","5"
"furniture_bedroom","2018-02-01","4.80","5"
"furniture_bedroom","2018-03-01","4.17","6"
"furniture_bedroom","2018-04-01","4.29","7"
"furniture_bedroom","2018-05-01","4.17","6"
"furniture_bedroom","2018-06-01","3.89","9"
"furniture_bedroom","2018-07-01","3.70","10"
"furniture_bedroom","2018-08-01","4.33","12"
"furniture_decor","2016-10-01","3.67","61"
"furniture_decor","2017-01-01","3.82","171"
"furniture_decor","2017-02-01","3.92","255"
"furniture_decor","2017-03-01","4.08","309"
"furniture_decor","2017-04-01","4.05","182"
"furniture_decor","2017-05-01","3.94","262"
"furniture_decor","2017-06-01","4.24","224"
"furniture_decor","2017-07-01","4.17","298"
"furniture_decor","2017-08-01","4.15","423"
"furniture_decor","2017-09-01","4.18","331"
"furniture_decor","2017-10-01","3.93","375"
"furniture_decor","2017-11-01","3.69","753"
"furniture_decor","2017-12-01","3.95","372"
"furniture_decor","2018-01-01","3.99","583"
"furniture_decor","2018-02-01","3.57","406"
"furniture_decor","2018-03-01","3.52","574"
"furniture_decor","2018-04-01","4.01","560"
"furniture_decor","2018-05-01","4.06","588"
"furniture_decor","2018-06-01","4.06","398"
"furniture_decor","2018-07-01","4.33","396"
"furniture_decor","2018-08-01","4.12","424"
"furniture_living_room","2017-01-01","4.89","9"
"furniture_living_room","2017-02-01","3.85","20"
"furniture_living_room","2017-03-01","4.17","23"
"furniture_living_room","2017-04-01","3.75","12"
"furniture_living_room","2017-05-01","3.84","31"
"furniture_living_room","2017-06-01","4.53","15"
"furniture_living_room","2017-07-01","4.17","30"
"furniture_living_room","2017-08-01","4.32","22"
"furniture_living_room","2017-09-01","4.55","11"
"furniture_living_room","2017-10-01","4.42","19"
"furniture_living_room","2017-11-01","3.37","38"
"furniture_living_room","2017-12-01","4.06","16"
"furniture_living_room","2018-01-01","4.41","22"
"furniture_living_room","2018-02-01","3.00","26"
"furniture_living_room","2018-03-01","3.53","19"
"furniture_living_room","2018-04-01","2.94","33"
"furniture_living_room","2018-05-01","4.00","16"
"furniture_living_room","2018-06-01","4.41","29"
"furniture_living_room","2018-07-01","4.27","52"
"furniture_living_room","2018-08-01","3.74","39"
"furniture_mattress_and_upholstery","2017-04-01","4.00","1"
"furniture_mattress_and_upholstery","2017-05-01","3.67","3"
"furniture_mattress_and_upholstery","2017-07-01","1.00","1"
"furniture_mattress_and_upholstery","2017-08-01","4.00","1"
"furniture_mattress_and_upholstery","2017-09-01","5.00","1"
"furniture_mattress_and_upholstery","2017-11-01","3.00","2"
"furniture_mattress_and_upholstery","2017-12-01","4.50","8"
"furniture_mattress_and_upholstery","2018-01-01","4.75","8"
"furniture_mattress_and_upholstery","2018-02-01","3.00","5"
"furniture_mattress_and_upholstery","2018-03-01","3.33","3"
"garden_tools","2016-10-01","4.20","5"
"garden_tools","2017-01-01","4.04","54"
"garden_tools","2017-02-01","4.08","66"
"garden_tools","2017-03-01","3.99","143"
"garden_tools","2017-04-01","4.13","107"
"garden_tools","2017-05-01","4.29","133"
"garden_tools","2017-06-01","4.40","112"
"garden_tools","2017-07-01","4.18","180"
"garden_tools","2017-08-01","4.36","234"
"garden_tools","2017-09-01","4.30","220"
"garden_tools","2017-10-01","4.20","279"
"garden_tools","2017-11-01","3.83","545"
"garden_tools","2017-12-01","3.89","316"
"garden_tools","2018-01-01","4.07","234"
"garden_tools","2018-02-01","3.64","297"
"garden_tools","2018-03-01","3.83","252"
"garden_tools","2018-04-01","4.18","259"
"garden_tools","2018-05-01","4.28","280"
"garden_tools","2018-06-01","4.28","179"
"garden_tools","2018-07-01","4.23","166"
"garden_tools","2018-08-01","4.26","134"
"health_beauty","2016-09-01","1.00","3"
"health_beauty","2016-10-01","3.65","40"
"health_beauty","2017-01-01","4.10","81"
"health_beauty","2017-02-01","4.27","150"
"health_beauty","2017-03-01","4.31","207"
"health_beauty","2017-04-01","4.13","178"
"health_beauty","2017-05-01","4.20","282"
"health_beauty","2017-06-01","4.31","252"
"health_beauty","2017-07-01","3.95","303"
"health_beauty","2017-08-01","4.31","348"
"health_beauty","2017-09-01","4.23","372"
"health_beauty","2017-10-01","4.25","346"
"health_beauty","2017-11-01","4.10","568"
"health_beauty","2017-12-01","4.15","457"
"health_beauty","2018-01-01","4.11","613"
"health_beauty","2018-02-01","4.05","638"
"health_beauty","2018-03-01","3.76","648"
"health_beauty","2018-04-01","4.16","638"
"health_beauty","2018-05-01","4.29","740"
"health_beauty","2018-06-01","4.39","848"
"health_beauty","2018-07-01","4.24","687"
"health_beauty","2018-08-01","4.40","816"
"home_appliances","2017-02-01","4.14","7"
"home_appliances","2017-03-01","4.40","10"
"home_appliances","2017-04-01","4.40","10"
"home_appliances","2017-05-01","4.69","26"
"home_appliances","2017-06-01","3.98","42"
"home_appliances","2017-07-01","4.16","37"
"home_appliances","2017-08-01","4.22","41"
"home_appliances","2017-09-01","4.33","9"
"home_appliances","2017-10-01","4.86","7"
"home_appliances","2017-11-01","3.80","25"
"home_appliances","2017-12-01","4.19","16"
"home_appliances","2018-01-01","4.32","28"
"home_appliances","2018-02-01","4.33","45"
"home_appliances","2018-03-01","3.97","70"
"home_appliances","2018-04-01","4.18","97"
"home_appliances","2018-05-01","4.08","63"
"home_appliances","2018-06-01","4.47","60"
"home_appliances","2018-07-01","4.42","69"
"home_appliances","2018-08-01","4.32","60"
"home_appliances_2","2017-01-01","4.67","6"
"home_appliances_2","2017-02-01","5.00","1"
"home_appliances_2","2017-03-01","4.00","2"
"home_appliances_2","2017-04-01","2.50","2"
"home_appliances_2","2017-05-01","4.29","7"
"home_appliances_2","2017-06-01","3.50","6"
"home_appliances_2","2017-07-01","3.43","7"
"home_appliances_2","2017-08-01","4.62","13"
"home_appliances_2","2017-09-01","4.67","6"
"home_appliances_2","2017-10-01","3.33","9"
"home_appliances_2","2017-11-01","3.57","14"
"home_appliances_2","2017-12-01","4.13","8"
"home_appliances_2","2018-01-01","4.38","13"
"home_appliances_2","2018-02-01","3.85","20"
"home_appliances_2","2018-03-01","4.08","12"
"home_appliances_2","2018-04-01","4.48","23"
"home_appliances_2","2018-05-01","4.26","23"
"home_appliances_2","2018-06-01","4.72","18"
"home_appliances_2","2018-07-01","4.21","19"
"home_appliances_2","2018-08-01","3.93","14"
"home_comfort_2","2017-01-01","4.50","2"
"home_comfort_2","2017-03-01","4.67","3"
"home_comfort_2","2017-04-01","5.00","1"
"home_comfort_2","2017-06-01","5.00","1"
"home_comfort_2","2017-07-01","4.00","1"
"home_comfort_2","2017-08-01","5.00","3"
"home_comfort_2","2017-09-01","3.00","1"
"home_comfort_2","2017-10-01","5.00","2"
"home_comfort_2","2017-11-01","3.67","3"
"home_comfort_2","2018-02-01","1.33","3"
"home_comfort_2","2018-03-01","5.00","1"
"home_comfort_2","2018-04-01","1.00","1"
"home_comfort_2","2018-06-01","1.00","2"
"home_comfort_2","2018-07-01","3.33","3"
"home_confort","2017-02-01","3.00","3"
"home_confort","2017-03-01","3.77","13"
"home_confort","2017-04-01","4.29","17"
"home_confort","2017-05-01","3.51","35"
"home_confort","2017-06-01","4.07","14"
"home_confort","2017-07-01","3.88","43"
"home_confort","2017-08-01","4.50","26"
"home_confort","2017-09-01","4.38","32"
"home_confort","2017-10-01","3.93","27"
"home_confort","2017-11-01","3.20","45"
"home_confort","2017-12-01","3.87","15"
"home_confort","2018-01-01","4.11","18"
"home_confort","2018-02-01","3.86","21"
"home_confort","2018-03-01","3.33","21"
"home_confort","2018-04-01","3.61","18"
"home_confort","2018-05-01","3.43","21"
"home_confort","2018-06-01","4.31","16"
"home_confort","2018-07-01","4.23","22"
"home_confort","2018-08-01","4.29","14"
"home_construction","2017-02-01","5.00","4"
"home_construction","2017-03-01","4.33","9"
"home_construction","2017-04-01","4.20","5"
"home_construction","2017-05-01","2.57","7"
"home_construction","2017-06-01","4.00","8"
"home_construction","2017-07-01","5.00","2"
"home_construction","2017-08-01","5.00","1"
"home_construction","2017-09-01","3.55","11"
"home_construction","2017-10-01","4.00","18"
"home_construction","2017-11-01","3.77","35"
"home_construction","2017-12-01","3.86","36"
"home_construction","2018-01-01","3.70","40"
"home_construction","2018-02-01","3.87","38"
"home_construction","2018-03-01","3.72","43"
"home_construction","2018-04-01","3.94","68"
"home_construction","2018-05-01","3.87","78"
"home_construction","2018-06-01","4.38","71"
"home_construction","2018-07-01","4.34","56"
"home_construction","2018-08-01","4.02","47"
"housewares","2016-10-01","3.08","12"
"housewares","2017-01-01","4.07","28"
"housewares","2017-02-01","4.08","66"
"housewares","2017-03-01","4.18","197"
"housewares","2017-04-01","4.06","162"
"housewares","2017-05-01","4.24","299"
"housewares","2017-06-01","4.19","318"
"housewares","2017-07-01","4.28","255"
"housewares","2017-08-01","4.19","275"
"housewares","2017-09-01","4.25","245"
"housewares","2017-10-01","4.18","227"
"housewares","2017-11-01","4.00","409"
"housewares","2017-12-01","3.91","286"
"housewares","2018-01-01","4.08","342"
"housewares","2018-02-01","3.90","390"
"housewares","2018-03-01","3.82","387"
"housewares","2018-04-01","4.16","434"
"housewares","2018-05-01","4.15","604"
"housewares","2018-06-01","3.96","564"
"housewares","2018-07-01","4.22","498"
"housewares","2018-08-01","4.35","597"
"industry_commerce_and_business","2016-10-01","4.25","4"
"industry_commerce_and_business","2017-02-01","5.00","1"
"industry_commerce_and_business","2017-03-01","4.00","2"
"industry_commerce_and_business","2017-05-01","3.00","2"
"industry_commerce_and_business","2017-06-01","4.50","2"
"industry_commerce_and_business","2017-07-01","5.00","2"
"industry_commerce_and_business","2017-08-01","4.00","3"
"industry_commerce_and_business","2017-09-01","5.00","2"
"industry_commerce_and_business","2017-10-01","4.80","5"
"industry_commerce_and_business","2017-11-01","4.17","6"
"industry_commerce_and_business","2017-12-01","3.78","9"
"industry_commerce_and_business","2018-01-01","4.17","18"
"industry_commerce_and_business","2018-02-01","4.03","34"
"industry_commerce_and_business","2018-03-01","3.75","28"
"industry_commerce_and_business","2018-04-01","4.28","50"
"industry_commerce_and_business","2018-05-01","4.10","39"
"industry_commerce_and_business","2018-06-01","4.36","25"
"industry_commerce_and_business","2018-07-01","4.18","11"
"industry_commerce_and_business","2018-08-01","3.90","10"
"kitchen_dining_laundry_garden_furniture","2017-01-01","5.00","1"
"kitchen_dining_laundry_garden_furniture","2017-02-01","4.00","2"
"kitchen_dining_laundry_garden_furniture","2017-03-01","4.00","3"
"kitchen_dining_laundry_garden_furniture","2017-04-01","3.89","9"
"kitchen_dining_laundry_garden_furniture","2017-05-01","4.11","9"
"kitchen_dining_laundry_garden_furniture","2017-06-01","4.75","4"
"kitchen_dining_laundry_garden_furniture","2017-07-01","4.45","11"
"kitchen_dining_laundry_garden_furniture","2017-08-01","3.86","7"
"kitchen_dining_laundry_garden_furniture","2017-09-01","4.75","4"
"kitchen_dining_laundry_garden_furniture","2017-10-01","3.77","13"
"kitchen_dining_laundry_garden_furniture","2017-11-01","3.94","33"
"kitchen_dining_laundry_garden_furniture","2017-12-01","3.90","20"
"kitchen_dining_laundry_garden_furniture","2018-01-01","4.48","21"
"kitchen_dining_laundry_garden_furniture","2018-02-01","4.16","19"
"kitchen_dining_laundry_garden_furniture","2018-03-01","3.92","12"
"kitchen_dining_laundry_garden_furniture","2018-04-01","4.62","13"
"kitchen_dining_laundry_garden_furniture","2018-05-01","3.62","13"
"kitchen_dining_laundry_garden_furniture","2018-06-01","3.00","29"
"kitchen_dining_laundry_garden_furniture","2018-07-01","4.85","20"
"kitchen_dining_laundry_garden_furniture","2018-08-01","4.45","20"
"la_cuisine","2017-04-01","1.00","1"
"la_cuisine","2017-05-01","5.00","1"
"la_cuisine","2017-07-01","5.00","4"
"la_cuisine","2017-08-01","5.00","2"
"la_cuisine","2017-10-01","5.00","1"
"la_cuisine","2018-01-01","5.00","1"
"la_cuisine","2018-03-01","4.00","1"
"la_cuisine","2018-04-01","1.00","2"
"luggage_accessories","2017-01-01","4.80","5"
"luggage_accessories","2017-02-01","4.50","20"
"luggage_accessories","2017-03-01","4.58","38"
"luggage_accessories","2017-04-01","4.40","47"
"luggage_accessories","2017-05-01","4.26","70"
"luggage_accessories","2017-06-01","4.50","60"
"luggage_accessories","2017-07-01","4.40","72"
"luggage_accessories","2017-08-01","4.50","62"
"luggage_accessories","2017-09-01","4.55","42"
"luggage_accessories","2017-10-01","4.51","55"
"luggage_accessories","2017-11-01","4.36","70"
"luggage_accessories","2017-12-01","4.39","46"
"luggage_accessories","2018-01-01","4.17","126"
"luggage_accessories","2018-02-01","3.61","44"
"luggage_accessories","2018-03-01","4.25","55"
"luggage_accessories","2018-04-01","4.39","51"
"luggage_accessories","2018-05-01","4.24","45"
"luggage_accessories","2018-06-01","4.47","34"
"luggage_accessories","2018-07-01","4.33","51"
"luggage_accessories","2018-08-01","4.48","62"
"market_place","2016-10-01","5.00","11"
"market_place","2017-01-01","4.20","5"
"market_place","2017-02-01","4.20","20"
"market_place","2017-03-01","4.41","17"
"market_place","2017-04-01","3.89","19"
"market_place","2017-05-01","4.50","22"
"market_place","2017-06-01","3.64","14"
"market_place","2017-07-01","3.75","12"
"market_place","2017-08-01","4.17","23"
"market_place","2017-09-01","3.82","11"
"market_place","2017-10-01","3.90","10"
"market_place","2017-11-01","4.38","16"
"market_place","2017-12-01","4.42","12"
"market_place","2018-01-01","4.21","14"
"market_place","2018-02-01","3.82","28"
"market_place","2018-03-01","3.35","17"
"market_place","2018-04-01","4.57","14"
"market_place","2018-05-01","3.43","14"
"market_place","2018-06-01","3.86","7"
"market_place","2018-07-01","4.75","4"
"market_place","2018-08-01","3.75","8"
"music","2017-01-01","5.00","2"
"music","2017-03-01","5.00","1"
"music","2017-04-01","5.00","2"
"music","2017-06-01","3.25","4"
"music","2017-07-01","3.00","1"
"music","2017-10-01","5.00","1"
"music","2018-01-01","5.00","1"
"music","2018-02-01","4.00","2"
"music","2018-03-01","3.00","2"
"music","2018-04-01","4.00","5"
"music","2018-05-01","3.80","5"
"music","2018-06-01","4.33","3"
"music","2018-07-01","5.00","3"
"music","2018-08-01","4.67","6"
"musical_instruments","2017-01-01","4.00","1"
"musical_instruments","2017-02-01","4.44","9"
"musical_instruments","2017-03-01","2.70","10"
"musical_instruments","2017-04-01","3.81","16"
"musical_instruments","2017-05-01","4.45","20"
"musical_instruments","2017-06-01","3.75","20"
"musical_instruments","2017-07-01","4.34","29"
"musical_instruments","2017-08-01","4.39","23"
"musical_instruments","2017-09-01","4.36","25"
"musical_instruments","2017-10-01","4.26","19"
"musical_instruments","2017-11-01","4.10","42"
"musical_instruments","2017-12-01","3.98","40"
"musical_instruments","2018-01-01","4.27","51"
"musical_instruments","2018-02-01","3.95","44"
"musical_instruments","2018-03-01","4.17","53"
"musical_instruments","2018-04-01","4.40","57"
"musical_instruments","2018-05-01","4.30","60"
"musical_instruments","2018-06-01","4.46","46"
"musical_instruments","2018-07-01","4.44","32"
"musical_instruments","2018-08-01","4.37","41"
"office_furniture","2016-10-01","1.60","5"
"office_furniture","2017-01-01","3.25","8"
"office_furniture","2017-02-01","3.67","61"
"office_furniture","2017-03-01","3.32","71"
"office_furniture","2017-04-01","3.95","58"
"office_furniture","2017-05-01","3.76","54"
"office_furniture","2017-06-01","3.92","50"
"office_furniture","2017-07-01","4.01","113"
"office_furniture","2017-08-01","3.84","58"
"office_furniture","2017-09-01","3.97","66"
"office_furniture","2017-10-01","3.17","100"
"office_furniture","2017-11-01","2.92","100"
"office_furniture","2017-12-01","3.32","47"
"office_furniture","2018-01-01","3.21","140"
"office_furniture","2018-02-01","3.05","105"
"office_furniture","2018-03-01","3.29","200"
"office_furniture","2018-04-01","3.56","128"
"office_furniture","2018-05-01","3.90","104"
"office_furniture","2018-06-01","3.85","72"
"office_furniture","2018-07-01","3.71","75"
"office_furniture","2018-08-01","4.10","30"
"party_supplies","2017-07-01","5.00","1"
"party_supplies","2017-09-01","1.00","2"
"party_supplies","2017-10-01","4.50","2"
"party_supplies","2017-11-01","4.67","3"
"party_supplies","2017-12-01","5.00","2"
"party_supplies","2018-01-01","3.50","2"
"party_supplies","2018-03-01","3.50","6"
"party_supplies","2018-04-01","1.00","2"
"party_supplies","2018-05-01","3.00","4"
"party_supplies","2018-06-01","5.00","2"
"party_supplies","2018-07-01","4.50","2"
"party_supplies","2018-08-01","4.29","14"
"pc_gamer","2017-04-01","2.50","2"
"pc_gamer","2017-05-01","5.00","1"
"pc_gamer","2017-06-01","4.00","1"
"pc_gamer","2018-02-01","1.00","1"
"pc_gamer","2018-07-01","5.00","2"
"pc_gamer","2018-08-01","4.00","1"
"perfumery","2016-10-01","4.31","29"
"perfumery","2017-01-01","4.82","33"
"perfumery","2017-02-01","4.33","49"
"perfumery","2017-03-01","4.19","104"
"perfumery","2017-04-01","4.14","100"
"perfumery","2017-05-01","4.17","140"
"perfumery","2017-06-01","4.14","149"
"perfumery","2017-07-01","4.25","122"
"perfumery","2017-08-01","4.44","127"
"perfumery","2017-09-01","4.15","152"
"perfumery","2017-10-01","4.33","187"
"perfumery","2017-11-01","3.99","306"
"perfumery","2017-12-01","4.20","231"
"perfumery","2018-01-01","4.05","224"
"perfumery","2018-02-01","4.21","211"
"perfumery","2018-03-01","3.86","197"
"perfumery","2018-04-01","4.21","161"
"perfumery","2018-05-01","4.24","196"
"perfumery","2018-06-01","4.34","183"
"perfumery","2018-07-01","4.68","166"
"perfumery","2018-08-01","4.33","215"
"pet_shop","2016-10-01","4.25","4"
"pet_shop","2017-01-01","4.14","14"
"pet_shop","2017-02-01","4.47","38"
"pet_shop","2017-03-01","4.41","44"
"pet_shop","2017-04-01","4.04","50"
"pet_shop","2017-05-01","4.42","72"
"pet_shop","2017-06-01","4.44","61"
"pet_shop","2017-07-01","3.76","82"
"pet_shop","2017-08-01","4.27","88"
"pet_shop","2017-09-01","4.31","71"
"pet_shop","2017-10-01","3.91","76"
"pet_shop","2017-11-01","4.26","97"
"pet_shop","2017-12-01","4.25","71"
"pet_shop","2018-01-01","4.09","87"
"pet_shop","2018-02-01","4.07","98"
"pet_shop","2018-03-01","3.71","122"
"pet_shop","2018-04-01","4.19","159"
"pet_shop","2018-05-01","4.24","135"
"pet_shop","2018-06-01","4.40","173"
"pet_shop","2018-07-01","4.42","144"
"pet_shop","2018-08-01","4.39","197"
"portable_kitchen_and_food_preparers","2018-05-01","5.00","2"
"portable_kitchen_and_food_preparers","2018-07-01","2.63","8"
"portable_kitchen_and_food_preparers","2018-08-01","4.25","4"
"security_and_services","2017-01-01","4.00","1"
"security_and_services","2017-09-01","1.00","1"
"signaling_and_security","2017-03-01","1.00","1"
"signaling_and_security","2017-04-01","4.67","3"
"signaling_and_security","2017-05-01","4.75","4"
"signaling_and_security","2017-06-01","4.00","1"
"signaling_and_security","2017-07-01","4.60","5"
"signaling_and_security","2017-08-01","4.25","4"
"signaling_and_security","2017-09-01","4.67","9"
"signaling_and_security","2017-10-01","4.44","9"
"signaling_and_security","2017-11-01","1.00","5"
"signaling_and_security","2017-12-01","5.00","2"
"signaling_and_security","2018-01-01","3.63","8"
"signaling_and_security","2018-02-01","3.46","13"
"signaling_and_security","2018-03-01","3.89","9"
"signaling_and_security","2018-04-01","4.15","34"
"signaling_and_security","2018-05-01","4.00","7"
"signaling_and_security","2018-06-01","3.96","27"
"signaling_and_security","2018-07-01","4.26","27"
"signaling_and_security","2018-08-01","4.50","22"
"small_appliances","2017-01-01","4.67","6"
"small_appliances","2017-02-01","4.68","28"
"small_appliances","2017-03-01","4.70","30"
"small_appliances","2017-04-01","3.90","20"
"small_appliances","2017-05-01","4.61","18"
"small_appliances","2017-06-01","3.78","23"
"small_appliances","2017-07-01","3.97","31"
"small_appliances","2017-08-01","4.35","37"
"small_appliances","2017-09-01","4.43","30"
"small_appliances","2017-10-01","4.43","30"
"small_appliances","2017-11-01","4.11","28"
"small_appliances","2017-12-01","3.96","27"
"small_appliances","2018-01-01","4.42","53"
"small_appliances","2018-02-01","4.00","33"
"small_appliances","2018-03-01","4.03","34"
"small_appliances","2018-04-01","4.48","60"
"small_appliances","2018-05-01","4.09","46"
"small_appliances","2018-06-01","3.91","46"
"small_appliances","2018-07-01","4.46","41"
"small_appliances","2018-08-01","4.04","23"
"small_appliances_home_oven_and_coffee","2017-06-01","5.00","1"
"small_appliances_home_oven_and_coffee","2017-08-01","3.00","1"
"small_appliances_home_oven_and_coffee","2017-09-01","1.00","1"
"small_appliances_home_oven_and_coffee","2018-01-01","5.00","1"
"small_appliances_home_oven_and_coffee","2018-02-01","3.60","5"
"small_appliances_home_oven_and_coffee","2018-03-01","4.86","7"
"small_appliances_home_oven_and_coffee","2018-04-01","4.54","13"
"small_appliances_home_oven_and_coffee","2018-05-01","4.22","9"
"small_appliances_home_oven_and_coffee","2018-06-01","5.00","3"
"small_appliances_home_oven_and_coffee","2018-07-01","4.85","13"
"small_appliances_home_oven_and_coffee","2018-08-01","4.25","16"
"sports_leisure","2016-10-01","4.29","17"
"sports_leisure","2017-01-01","4.20","76"
"sports_leisure","2017-02-01","4.32","147"
"sports_leisure","2017-03-01","4.32","186"
"sports_leisure","2017-04-01","4.20","200"
"sports_leisure","2017-05-01","4.24","297"
"sports_leisure","2017-06-01","4.42","264"
"sports_leisure","2017-07-01","4.24","370"
"sports_leisure","2017-08-01","4.37","409"
"sports_leisure","2017-09-01","4.26","447"
"sports_leisure","2017-10-01","4.19","459"
"sports_leisure","2017-11-01","4.22","591"
"sports_leisure","2017-12-01","4.11","480"
"sports_leisure","2018-01-01","3.92","634"
"sports_leisure","2018-02-01","3.80","627"
"sports_leisure","2018-03-01","3.77","722"
"sports_leisure","2018-04-01","4.23","563"
"sports_leisure","2018-05-01","4.31","487"
"sports_leisure","2018-06-01","4.39","410"
"sports_leisure","2018-07-01","4.27","408"
"sports_leisure","2018-08-01","4.37","461"
"stationery","2017-01-01","4.79","14"
"stationery","2017-02-01","4.53","19"
"stationery","2017-03-01","4.60","55"
"stationery","2017-04-01","4.44","34"
"stationery","2017-05-01","4.42","62"
"stationery","2017-06-01","4.37","38"
"stationery","2017-07-01","4.21","76"
"stationery","2017-08-01","4.53","80"
"stationery","2017-09-01","4.13","75"
"stationery","2017-10-01","3.93","96"
"stationery","2017-11-01","4.34","163"
"stationery","2017-12-01","4.03","247"
"stationery","2018-01-01","4.29","375"
"stationery","2018-02-01","3.88","147"
"stationery","2018-03-01","3.77","162"
"stationery","2018-04-01","4.24","140"
"stationery","2018-05-01","4.36","124"
"stationery","2018-06-01","4.41","164"
"stationery","2018-07-01","4.35","181"
"stationery","2018-08-01","4.58","165"
"tablets_printing_image","2017-02-01","4.25","8"
"tablets_printing_image","2017-03-01","3.20","5"
"tablets_printing_image","2017-04-01","4.00","11"
"tablets_printing_image","2017-05-01","4.80","5"
"tablets_printing_image","2017-06-01","5.00","6"
"tablets_printing_image","2017-07-01","3.50","2"
"tablets_printing_image","2017-08-01","4.17","6"
"tablets_printing_image","2017-09-01","3.67","3"
"tablets_printing_image","2017-10-01","4.00","1"
"tablets_printing_image","2017-11-01","4.00","6"
"tablets_printing_image","2017-12-01","4.67","6"
"tablets_printing_image","2018-01-01","4.33","3"
"tablets_printing_image","2018-02-01","3.54","13"
"tablets_printing_image","2018-03-01","4.67","3"
"tablets_printing_image","2018-04-01","5.00","1"
"tablets_printing_image","2018-05-01","5.00","1"
"tablets_printing_image","2018-06-01","4.00","1"
"telephony","2016-10-01","4.00","8"
"telephony","2017-01-01","4.27","22"
"telephony","2017-02-01","4.20","105"
"telephony","2017-03-01","3.87","165"
"telephony","2017-04-01","4.23","139"
"telephony","2017-05-01","3.90","213"
"telephony","2017-06-01","4.16","157"
"telephony","2017-07-01","4.20","142"
"telephony","2017-08-01","4.12","132"
"telephony","2017-09-01","4.36","171"
"telephony","2017-10-01","4.13","241"
"telephony","2017-11-01","3.80","367"
"telephony","2017-12-01","4.09","256"
"telephony","2018-01-01","3.91","363"
"telephony","2018-02-01","3.80","349"
"telephony","2018-03-01","3.59","332"
"telephony","2018-04-01","3.92","253"
"telephony","2018-05-01","4.26","245"
"telephony","2018-06-01","4.18","213"
"telephony","2018-07-01","4.05","201"
"telephony","2018-08-01","4.05","269"
"toys","2016-10-01","4.05","21"
"toys","2017-01-01","4.41","41"
"toys","2017-02-01","4.33","66"
"toys","2017-03-01","4.42","101"
"toys","2017-04-01","4.21","109"
"toys","2017-05-01","4.53","196"
"toys","2017-06-01","4.35","155"
"toys","2017-07-01","4.49","201"
"toys","2017-08-01","4.42","180"
"toys","2017-09-01","4.20","283"
"toys","2017-10-01","4.28","282"
"toys","2017-11-01","4.08","481"
"toys","2017-12-01","3.96","428"
"toys","2018-01-01","4.06","157"
"toys","2018-02-01","3.95","134"
"toys","2018-03-01","3.71","224"
"toys","2018-04-01","4.22","185"
"toys","2018-05-01","4.36","210"
"toys","2018-06-01","4.46","183"
"toys","2018-07-01","4.29","135"
"toys","2018-08-01","4.21","161"
"watches_gifts","2016-10-01","4.75","4"
"watches_gifts","2017-01-01","4.00","11"
"watches_gifts","2017-02-01","4.36","33"
"watches_gifts","2017-03-01","4.19","78"
"watches_gifts","2017-04-01","3.97","91"
"watches_gifts","2017-05-01","4.37","131"
"watches_gifts","2017-06-01","4.25","117"
"watches_gifts","2017-07-01","4.09","159"
"watches_gifts","2017-08-01","4.37","211"
"watches_gifts","2017-09-01","4.32","258"
"watches_gifts","2017-10-01","4.06","306"
"watches_gifts","2017-11-01","3.96","456"
"watches_gifts","2017-12-01","4.12","348"
"watches_gifts","2018-01-01","4.02","352"
"watches_gifts","2018-02-01","3.68","321"
"watches_gifts","2018-03-01","3.71","412"
"watches_gifts","2018-04-01","4.24","463"
"watches_gifts","2018-05-01","4.03","623"
"watches_gifts","2018-06-01","4.22","463"
"watches_gifts","2018-07-01","4.01","471"
"watches_gifts","2018-08-01","4.16","405"
