"order_id","total_order_value","review_score","product_category"
"03caa2c082116e1d31e67e9ae3700499","13664.08",1,"fixed_telephony"
"736e1922ae60d0d6a89247b851902527","7274.88",1,"fixed_telephony"
"2cc9089445046817a7539d90805e6e5a","6081.54",1,"agro_industry_and_commerce"
"80dfedb6d17bf23539beeef3c768f4d7","4194.76",2,"small_appliances"
"66b9c991ee308f9342f6a7f63bb68251","3358.24",2,"fixed_telephony"
"cb418bb4b6115438d20b0141ed5bc9e0","3256.14",1,"consoles_games"
"912343626f370ead5ef2e85a9d757e22","3242.84",3,"signaling_and_security"
"4412d97cb2093633afa85f11db46316c","3195.74",1,"computers_accessories"
"d7a2c0c1ff66b314f3bf166fb4157fd4","3184.55",2,"agro_industry_and_commerce"
"d3fc45461660252856d603ed31eb4e77","2938.17",3,"health_beauty"
"6fd59e3ae7e24c50131f6bc97c4c7776","2913.48",3,"computers"
"362aa88dd1265e7b4ea491b5836fb5f6","2827.0",1,"sports_leisure"
"2ec398158cb686267b1f4b102129098e","2818.74",1,"garden_tools"
"877a74a0ee5c1f719f39f4f11d2fc19a","2759.88",1,"computers_accessories"
"da8be3bb62e9bf01e2e1a3bfd74ebd1a","2751.24",1,"garden_tools"
"afc58387b17fa794fd73b0773a9f6ea7","2734.11",1,"small_appliances"
"bf205457ee84ab84c423d67b88239982","2733.63",1,"computers_accessories"
"0818699476819463109688475b808343","2607.09",3,"small_appliances"
"a5d11ae16578088b0fcd76de30368bdb","2590.61",1,"electronics"
"e8e6d889f4d8a89fdcae9bdd473117d7","2480.58",3,"auto"
"9f5abaa01d419a15e448f089b1cf4b94","2467.33",1,"agro_industry_and_commerce"
"6d0940a8f5fba47562bb14cd97dfd6da","2455.12",1,"home_appliances_2"
"e81fbdf6c9bbdc3b6a9cd243b617e576","2338.48",1,"cool_stuff"
"a1e313e06320d5c725c2ba02d0cf5be2","2322.32",1,"auto"
"53cbc02ffe278ca84b6f4920d9d3ecd5","2276.10",1,"furniture_decor"
"b62001b38d12c99ffbafa1c609797348","2241.64",1,"computers_accessories"
"9aec4e1ae90b23c7bf2d2b3bfafbd943","2234.66",1,"office_furniture"
"85c467a504e5796387bb68fe2adcc256","2204.04",1,"sports_leisure"
"1b15974a0141d54e36626dca3fdc731a","2202.40",1,"computers_accessories"
"63089c5f142cc1148a1d7799a8359e8a","2151.29",3,"auto"
"6907ea7150759a085c8ed75a55aeb90d","2150.81",1,"musical_instruments"
"3ad9ae84ca65db282ae34e9c9aeeaf7c","2148.40",1,"watches_gifts"
"773f048245dc975a5f7c67c2415c88a0","2092.86",1,"garden_tools"
"cfed507ac357129f750f05a0d7d71b15","2091.33",1,"furniture_living_room"
"c819d9ce6576bb453e886c2e95aa5697","2065.35",2,"musical_instruments"
"cfb601982b3ff65c1821561ec49625bd","2064.88",1,"auto"
"7ea04d381a2ba7d7f14be55b878830a5","2060.2",1,"musical_instruments"
"cff46468993417e62aaa9555e5b06195","2055.84",2,"bed_bath_table"
"d9374184c685550085112ae190d8f9c0","2036.86",1,"auto"
"c52e91d0960446c0624a5a984188ffba","2035.86",1,"auto"
"dc03cba6a1d6cf5c28d1fde5dab9a0bd","2034.48",1,"auto"
"987f3d9ad096993454ef3c2c4d9f7a68","2033.48",3,"auto"
"061304e42542425c8ff0be14d03126e4","2029.62",1,"auto"
"88b67ddbb7527017f796c80b3bb38051","2028.65",1,"watches_gifts"
"5cae141c3dd545d1d08687790cf11e33","2026.54",1,"auto"
"88ce73cc24548143016810f81a9e53d4","2026.54",1,"auto"
"97b8a149d521ea9fbbbce767a458846e","2026.54",1,"auto"
"9b4ea4ff8f51f91557fd6448e909cf81","2026.54",1,"auto"
"db66dca329373cf37340222e240340b6","2014.99",1,"auto"
"3c3578cbe37cf7af07897091fa676eb4","2009.62",1,"computers_accessories"
"2be6e5724bc6705448e72ac1b13141c4","1996.32",1,"furniture_decor"
"71dab1155600756af6de79de92e712e3","1988.53",3,"office_furniture"
"fe579bd413f722e51bc98182441e135c","1980.71",3,"pet_shop"
"69840aae60642aee7093192b37961c08","1972.0",2,"housewares"
"30f610db02d0880c9687dd1edd8b8710","1925.77",1,"auto"
"21a3f15754b759c91fff4535aaeb3486","1924.03",1,"auto"
"5d4c85dc3fb9109333a5a7ef8fe717a4","1916.96",1,"auto"
"607911c4ac62f9038b4ec434673e486e","1916.08",1,"computers"
"f92947b16fe446ea59a6d3de2cd7b819","1891.63",3,"musical_instruments"
"f92b34d1e66d16dfe85adfbf914dee86","1859.10",1,"furniture_decor"
"11a6156f787eb963fb211db50db44d99","1843.85",1,"small_appliances_home_oven_and_coffee"
"c75dfb74f7e634744d13799759233b78","1821.87",1,"auto"
"fb2e0a2eb0a7cd9fc655c3fdda628acc","1821.82",2,"auto"
"1ca816da4b6e814732f7cdc2365bf540","1816.11",1,"auto"
"ec9fb5672156edeac876e628a92456c0","1814.29",1,"musical_instruments"
"e44e7464ba4c5118eda918839e5dc20d","1804.05",1,"baby"
"7f8df73aeab603648dec28a5f6cfadc3","1803.24",1,"office_furniture"
"a123264c1f8bef4f19be2d4245017920","1798.01",3,"watches_gifts"
"0eeae75286b79b40f203057933fbb70b","1784.20",1,"stationery"
"abb3b065b8888558edf20e815f816662","1775.26",1,"computers_accessories"
"f80549a97eb203e1566e026ab66f045b","1767.10",1,"computers_accessories"
"c9dff4871bed0bc5d4b917767a22d67d","1740.39",1,"computers_accessories"
"d76d4d90a253651a393ba10c27ebd2e8","1730.87",1,"watches_gifts"
"bc488184689ceaa10ede9045693eb6bc","1729.98",1,"garden_tools"
"4f7ce3efe568a5e57290a9fa3e45b1f5","1727.67",1,"sports_leisure"
"897d215bbe78c235bc0008784a15ac78","1719.92",1,"auto"
"543191db0a8f28cd664d601260fb1dee","1714.21",2,"sports_leisure"
"5a3b1c29a49756e75f1ef513383c0c12","1707.88",1,"bed_bath_table"
"30cb9807736cf9827533cf34b10969d8","1698.56",3,"computers_accessories"
"750465ac3478d2b4483153fcd61b9c13","1692.59",2,"sports_leisure"
"dd6d0f11a9c3d2abdc91e95b9598b332","1692.05",1,"sports_leisure"
"8f0937285bd1bba4cfc8332ee467b490","1680.25",2,"sports_leisure"
"be449a37a242b89d7c027246275dc0f9","1677.31",1,"watches_gifts"
"3d4c0bee5a287df3c005b08aebb13911","1668.74",1,"sports_leisure"
"a91e629d7c60ee83c467d41250528cc5","1654.46",2,"watches_gifts"
"029c545413b10a6bd7540401f6eef0a3","1644.76",1,"musical_instruments"
"e134db9b2f9178ed55725a25b33e48c4","1644.36",1,"sports_leisure"
"a13562e9c4b0eb8e6ae0946073b213f8","1643.04",1,"computers_accessories"
"b73bbac6285251dbf2dd01842e0ce0de","1642.54",1,"air_conditioning"
"e332eda82fe7ca4e86daf4f71ca785df","1638.35",1,"air_conditioning"
"a73de8635a0cb0aee3da3736197f76b2","1635.64",1,"computers"
"d983124667a44e540ef9ab35c37c486e","1628.6",2,"home_appliances_2"
"8fe62374fc90eef8870d0beed6ded1ae","1628.07",3,"consoles_games"
"fdca429f65581d898afc2df41740f716","1623.94",3,"sports_leisure"
"c52c7fbe316b5b9d549e8a25206b8a1f","1619.73",1,"housewares"
"61a4e749e6975384980e883fc5653d8b","1591.25",1,"bed_bath_table"
"789ef8e547844763c96f5e815b5478e3","1562.57",3,"watches_gifts"
"062bddc5be851fec2b59598cc33498cd","1549.41",1,"telephony"
"1b0bc119ea5ac37e73e2275afc7904ee","1543.25",1,"computers"
"1b0bc119ea5ac37e73e2275afc7904ee","1543.25",1,"furniture_decor"
"aa30ff809084eca858cb3f57857c1ba9","1541.70",3,"electronics"
"38dcb5499d8854b4b2c6dbaaf983f21e","1537.04",1,"watches_gifts"
"fce62b229aadb876d9be47556c0694ed","1534.98",3,"furniture_decor"
"76a34d13a444dc9e514d59482291ba07","1530.50",3,"health_beauty"
"ae8b5df90eaf220f63f5ed4865cd222c","1525.78",1,"bed_bath_table"
"1adbc05f8bb9f7f40e1566992a9b5e8d","1521.75",1,"auto"
"23aee6ac2f5a0a3056aa62c615974c0c","1518.55",1,"agro_industry_and_commerce"
"e7ab20977cf6ea5cc4a63b3ecf897dd3","1511.86",1,"housewares"
"7607b319daef63a1c1a41b1cd6f4a54c","1507.56",1,"auto"
"cd6cdd3e527f46113dcab23d5f27c0fe","1506.68",2,"sports_leisure"
"e4992b3b826ff19edba39e9a4d9dae26","1500.19",1,"health_beauty"
"3a213fcdfe7d98be74ea0dc05a8b31ae","1482.24",1,"watches_gifts"
"8ca57f2b32c00588cab243b2115441f5","1480.73",1,"small_appliances"
"1ea7acde8dacf11a098d0b85b13cdc0e","1479.51",3,"computers"
"820349ed7a25bbfa196bb4f9a28442f2","1479.51",3,"computers"
"f6a40045364c9ef1f9405ef1d094c389","1478.95",1,"computers_accessories"
"4a21e3eb07861993fbaae74314b0d224","1472.47",2,"home_appliances_2"
"82fae4d3818a5f80851df0cc8c94aa7e","1453.3",1,"housewares"
"9583044d94d7eef1547cdcefb0c8f611","1444.62",1,"watches_gifts"
"41e12d2c0b4b336d20ccb6d37cffdb17","1442.79",2,"housewares"
"f60ce04ff8060152c83c7c97e246d6a8","1440.10",1,"furniture_living_room"
"83d9d9a85946d3089b6b360120a54dcf","1439.27",1,"furniture_decor"
"207258d556f9b9784b54de837ae49286","1435.97",3,"auto"
"bf970de78f9812577f8bc51197b05942","1433.04",1,"toys"
"be8b6bb87fabe5bece6e7a3ecc1f1f8d","1431.33",1,"small_appliances"
"d5f143e9c159a5f1c33f7477c89db770","1426.57",2,"construction_tools_construction"
"2d090553a9ceba4ebc21832844dc9ce5","1422.05",1,"agro_industry_and_commerce"
"2455cbeb73fd04b170ca2504662f95ce","1421.69",1,"furniture_decor"
"2352f0c7b4fe903c071e032c9d6d6593","1418.86",1,"computers"
"ce30373e8d97c7fc959631b6224af95f","1416.41",3,"auto"
"54787cae1cb90fdafe197fe2bc300cd0","1415.8",2,"fixed_telephony"
"440210629ba4e9e0358429778cefe8b0","1415.66",1,"watches_gifts"
"ce6d150fb29ada17d2082f4847107665","1403.66",3,"construction_tools_construction"
"c3fbba8f64cc6b2e99abc0e00d5ade2b","1400.33",3,"watches_gifts"
"8193580d95dea97d43937711060b2846","1391.79",3,"computers"
"2cc606fca85523eee5d51c8d9defe0a5","1391.35",1,"health_beauty"
"3a7763a8b66b496ef5253606f9a09110","1391.35",1,"health_beauty"
"12f2f3174deba94de2aa43ad4adf6d3e","1372.25",1,"computers"
"0b6230647ed16f4b3e70282dc4b5b87f","1371.88",2,"health_beauty"
"30da20eacd71a5e8cac16c775ef72984","1369.63",1,"kitchen_dining_laundry_garden_furniture"
"7fb9a8071a075a78c82420971e66dd77","1354.06",2,"agro_industry_and_commerce"
"0affd51e37e6621004e4fe4fd7c64f4b","1353.28",3,"telephony"
"cdca52aa619c8e59bd64701d54571cc0","1351.41",2,"computers"
"ed35f59756edecbfcefb866146f00905","1344.82",1,"computers"
"17784b9fbb37fb0bdc230d8ed6f6b355","1342.98",1,"furniture_decor"
"7f9cfd88530c3c6d0ce6084b27ef46ff","1341.26",2,"furniture_decor"
"0e6386e1cb625fe4fdbd3d101d2cb687","1338.51",1,"computers"
"8bcb04c1ca645d109ed37389fda5dbb0","1338.51",1,"computers"
"83a022cc4e851507e14012a90fedcd0e","1325.44",1,"health_beauty"
"b96f5299909903eedc435d396f90f726","1323.3",1,"watches_gifts"
"abcbd7d5a339a1f5f553ba84b4d9cc69","1322.97",2,"watches_gifts"
"3165f39a78f513c0877dc0d1ad69683a","1322.97",3,"watches_gifts"
"62073ec6b54b8e6322037fc0f3591ad3","1316.13",2,"office_furniture"
"43070b94b6d741a764e8e1ba4a2ea91d","1310.95",3,"office_furniture"
"35990049382e07dba1a9ef3550cad655","1308.18",2,"construction_tools_construction"
"e44944b056633f6f1e86a77eed6a13dd","1293.27",1,"garden_tools"
"973acb049a8228a556877e26fb30c06a","1293.26",1,"sports_leisure"
"6f4822a6ea32489ed368e0ed3276a3b1","1290.79",2,"garden_tools"
"836e4cb15d850d5cb77cda4c3c387665","1290.32",1,"baby"
"77b85146fc12a34dd81ef54524f247b2","1289.00",2,"computers_accessories"
"fa28c489b6e2a232b8d4512a06ac44f0","1284.78",3,"sports_leisure"
"084ac56b13107e32ab92934f70638bc9","1271.98",2,"sports_leisure"
"05259e30e40e08eddb05428cb38ff248","1258.73",1,"construction_tools_safety"
"2bcf1f79964f8b4f4f62f19441601b1a","1251.7",1,"computers"
"a6a5d5673d42186a8b8b94ad29b59897","1247.36",1,"furniture_decor"
"8a3faec8dc9fc14969c3ec8dc757abdd","1246.34",1,"office_furniture"
"d4148052141383039b68bbb6bd525f3b","1245.09",1,"watches_gifts"
"f73de6a34a3027ae82efac7a6bb5318d","1244.74",1,"home_appliances_2"
"62d3014a7e5b4f51c5f2bb713775aada","1233.42",2,"auto"
"63b0abee9c82e79c3b6e860d070f2c62","1232.85",1,"computers"
"147973f607023fb30b72b31fc2744d13","1230.20",3,"office_furniture"
"a483ffe0ce133740ab12ebcba8a3ccf9","1230.00",1,"computers_accessories"
"b5e8d13478ad66ec57d480c9e00abb39","1228.73",1,"cool_stuff"
"4b7e81be5da17ae60c44ba5992fac95d","1225.59",3,"auto"
"a45d988c5f5764f548ae6fa14a8ee773","1223.70",3,"office_furniture"
"836f9b5adb4fe06d8980fb71fa06b691","1222.46",1,"watches_gifts"
"05d61bb749461f4805dbda51f767fa47","1220.0",1,"computers"
"593f849c29daaeee17ee32baa44795d6","1218.34",1,"furniture_decor"
"fe1b32a1829b1ddd26415d31fbf85b78","1214.65",3,"watches_gifts"
"f78e5e459e3829bbc1bf472f4eb8eb35","1205.79",3,"health_beauty"
"859baae7fe80b6ffdc2904cc16e16431","1203.68",1,"health_beauty"
"63411626466603435cf74a3d51f8fc8a","1196.78",2,"cool_stuff"
"fcbb6af360b31b05460c2c8e524588c0","1194.38",1,"health_beauty"
"f91234b89ca8c758b3d2be234acb0355","1191.48",2,"housewares"
"a1a601783c958327168e1009b0758984","1181.11",3,"computers_accessories"
"da36f0ed6b7669628846afd6d75a9a7c","1173.56",1,"garden_tools"
"b121103b92afc327fb33d0e75b368a72","1172.45",1,"health_beauty"
"e5f5689b67b74eb43cb33677b9595f5d","1163.25",1,"office_furniture"
"066da535b01be4b26ca70864a62d92e1","1161.18",1,"baby"
"ca3625898fbd48669d50701aba51cd5f","1157.28",3,"construction_tools_construction"
"ca212ae794bbfd785ba7d86a1b7e9f2c","1153.09",1,"baby"
"6636442daffc5438b5f2ff1f068d449b","1140.82",1,"baby"
"8ed8d60cc2df2b29e93a93ec47189c07","1140.23",3,"small_appliances"
"2d3bc1f6ed458a137c51adc3cab7a488","1139.17",3,"portable_kitchen_and_food_preparers"
"925ee6cfbb7a083de5384773197aa9f6","1138.39",1,"baby"
"fb2dccfadca8cd6ebddc5d10ae48d1f7","1134.44",2,"agro_industry_and_commerce"
"fdddc15fc7b9c37476820d6eb722f33b","1129.57",1,"computers"
"8d7394529f217471379930f10b4237a2","1127.50",3,"baby"
"305c64156d718f215d3d7cdc8be8b39c","1127.29",1,"baby"
"d369d156735fab51bb2ef5c47e8d3e72","1125.58",1,"musical_instruments"
"84f40c055bf1ed329fcf2f4ec4e9e9df","1121.42",3,"health_beauty"
"ac64f79a33bfa575fc5a17e7926df3d5","1119.6",3,"small_appliances"
"fcdc3e0003ba241c9a56bcdc32590c38","1116.81",3,"watches_gifts"
"a5507507d82c1fb664405882ed065af0","1102.6",3,"consoles_games"
"d74fca7ee2ce7587c45eefb0fea95ed8","1099.0",3,"garden_tools"
"4ac4a782aaf1ef694ffe108de8c7da1c","1096.98",1,"garden_tools"
"0ecc87706e05dcabbbfe5aa29767e9d0","1087.44",3,"computers_accessories"
"7a35319beabf36472c45cc9ba67f0745","1086.08",1,"sports_leisure"
"a4a57f1ffa25b90dea9f150fee89db84","1083.96",1,"auto"
"7a8adf1b52b8d3c0735699f5708bf513","1083.78",1,"baby"
"e16532416e7fa0b226f67cb0a05696c2","1082.51",3,"cool_stuff"
"d0b605ea4abf3ed6e8f7472a634afef1","1080.56",1,"furniture_decor"
"47d7bd38284cac71afd4fb618c810b6b","1079.75",1,"kitchen_dining_laundry_garden_furniture"
"edee5e7cf341c4b22a2cf863e94670b2","1079.71",3,"small_appliances"
"ed71a9aee36ef0c221b57bde3a044f6c","1078.92",1,"baby"
"cd8232ac6e4909a74d5b0203bf13e70e","1076.76",3,"housewares"
"f2e66c1285248a57d6f934463632274f","1075.83",2,"baby"
"00c9474e0334f7a4ffc8c3a8bd21a51e","1075.74",1,"bed_bath_table"
"4725eb9672221e03c250c9a5ff5736e7","1071.1",1,"fashion_bags_accessories"
"242580697feaa388d1043faa3755cdfd","1069.41",1,"computers_accessories"
"b91a17f9c1968b21a333460f687fe2a9","1066.86",3,"health_beauty"
"61f46021dc3392729c54f0a596a63383","1063.09",3,"telephony"
"202e894238874491c6d7ab51da37d94c","1057.2",1,"baby"
"8a6b619c3aff55f02ec3cabe6d746ce8","1053.84",1,"office_furniture"
"81279a15416799e6580df60f66760a7b","1052.14",1,"sports_leisure"
"5d9eaab2f0968ee661d96ba4afdf807d","1049.53",3,"auto"
"977f5221b08a45da8fe709f381bff244","1048.57",3,"small_appliances"
"7f2c22c54cbae55091a09a9653fd2b8a","1048.29",3,"furniture_decor"
"7f2c22c54cbae55091a09a9653fd2b8a","1048.29",3,"garden_tools"
"958261a4492225848848d654759efa34","1046.56",1,"sports_leisure"
"eee762de005b77487718377a445e292a","1044.03",2,"baby"
"13c4f7497ce2f3ae34e441c7514215f3","1043.51",2,"garden_tools"
"b5796047f40aa1f6a7b80f8a8e35fcbf","1043.32",3,"small_appliances"
"05d885b852158b0280c4abe2cd5108b4","1040.64",1,"auto"
"327eb42fa668b532239f44713415a37a","1040.35",3,"baby"
"95f5825a4d547b92c4f1824df000084c","1039.74",1,"sports_leisure"
"81b2c7683a251dc0ea48059bef94597c","1038.56",3,"consoles_games"
"6434ca73491ebf0b471702a2506eb871","1038.36",1,"cool_stuff"
"18e9c9a8bc880b4b3aeafede031f7587","1037.79",1,"baby"
"58e6f7e9b845a911922aac26ef668902","1037.79",2,"baby"
"fd61138ce1d3b90993c364c076651c9a","1035.55",3,"baby"
"26a14aeb2410adbbf74a72c4ef0c8ae3","1034.72",2,"bed_bath_table"
"37bfe6c888db02bffd84e1b36447bfcc","1033.12",3,"sports_leisure"
"1a5303d4c0d2c69405f74c3c005a5ea4","1031.69",1,"baby"
"c1e8ab8d063eba72d530b57e5b05f919","1030.44",1,"baby"
"acf3b6db7983342f3be14093471c84f5","1026.78",3,"consoles_games"
"985dbac2172bbf6b32bcca35da50d7a0","1025.71",2,"baby"
"4dac5a355ca2b9da23d60ed243be5673","1024.40",1,"office_furniture"
"03705afa0a4aabe1a734ddb11c1df3f0","1023.90",1,"computers_accessories"
"afe00f151e2a9c5924b2edb95736c11c","1023.72",1,"computers_accessories"
"d4ab53c2b21a94c8b21d3008b2506ba2","1021.48",1,"computers_accessories"
"d4ab53c2b21a94c8b21d3008b2506ba2","1021.48",1,"electronics"
"9d878626f2f4299a286c12663698d2d8","1020.35",1,"baby"
"25de47610b1fe93d066d999828c0fe57","1020.19",1,"housewares"
"25de47610b1fe93d066d999828c0fe57","1020.19",1,"small_appliances"
"bb64f1e18d5d902401536be66f719e3e","1019.99",1,"baby"
"0229b2e398fde4545d32b5bb232973ad","1017.63",3,"telephony"
"292d7ad29c8a2d97eb84d18ab3d38997","1015.92",3,"health_beauty"
"d17c532b7b6e2aa56945b55f0757fee4","1014.99",2,"baby"
"105b31400017ca4a848d48ec5df78257","1014.61",1,"telephony"
"73c8ab38f07dc94389065f7eba4f297a","1014.02",1,"garden_tools"
"5cb7883ae621115f6c404bca4c9e97fa","1013.8",2,"telephony"
"43d1fe9178de269c073056a519bac11f","1010.8",1,"telephony"
"ba3fbd2edbc0524c198765b79c67875d","1008.95",1,"telephony"
"8a0b2bc5c7a1c524635f4de8bae9dffe","1008.30",1,"cool_stuff"
"8e350d5e83f49b662f870b48cf3f5b29","1006.32",3,"cool_stuff"
"70a272d1c01754b91a8709ae7efe27be","1006.0",1,"furniture_living_room"
"f3468d6a2c7586711e9952242898aad4","1005.84",1,"housewares"
"b351c57f3466ec0b11aa1696b052068d","1005.81",1,"baby"
"f3d1583d73bad757e13d4e25b24efb32","1003.76",1,"watches_gifts"
"491fc1fb624207b2123368e6b0ea4df1","1003.08",1,"sports_leisure"
"fa794cef99ed64f42ebb766a8af51c64","1002.79",1,"telephony"
"be5b64307f608c4be032a92527e44f66","1002.71",2,"computers_accessories"
"f04bfdbef5359607d39e66fccc9cc0de","998.50",1,"construction_tools_safety"
"f04bfdbef5359607d39e66fccc9cc0de","998.50",1,"home_construction"
"77625c9343b4dd4a9536f65e9ea50135","994.77",2,"baby"
"c8213e60d923c834447d410caab1898d","993.55",3,"watches_gifts"
"a994ff8265aed38e21cb63b2d8402b09","991.74",3,"watches_gifts"
"66d4f650ce4c149081143ab7444a2e3d","991.55",1,"baby"
"1233c2a7be696e62a9196419365b5be8","991.52",3,"agro_industry_and_commerce"
"4574345c7d99730212061b6152f81928","987.80",1,"fashion_bags_accessories"
"4f2a29346d25613d2e553a8d6381b006","987.2",1,"baby"
"9632facd8bd95315d63a23bf616d85b0","985.76",2,"cool_stuff"
"d573a47c29466bb2e4e46aef0ff04f23","984.26",1,"telephony"
"7cb46c0eb2855e57112f72215ac78d47","984.2",3,"kitchen_dining_laundry_garden_furniture"
"d61c57ca1a55ced6197d4f0c6da594e8","982.63",1,"baby"
"622313cbbf2c6fb616025bc038e3bba6","979.45",1,"small_appliances"
"64e109aaf7444f521fb45a857dc33128","979.42",1,"computers_accessories"
"cccb57e7a01fe8d245ce2027974b455e","979.42",1,"computers_accessories"
"c99bf9bf2c26094ff4786e6bf919d14c","978.6",1,"office_furniture"
"e433edc92cb5e3ae5515301b3309e303","978.48",1,"computers_accessories"
"e433edc92cb5e3ae5515301b3309e303","978.48",3,"computers_accessories"
"e6b8a58ccfa6a2daf8c04bcf0bf2fd5a","977.01",1,"baby"
"d42ba61a59ac7b2af476d42dbe16f68e","969.01",3,"agro_industry_and_commerce"
"1aaf27bab389531a50d1a6b86c24e6b7","968.93",3,"computers_accessories"
"419de35b9f49a3e9822b8f09116cdea2","968.88",1,"furniture_decor"
"5202706af09cfff62208ae5a56926b6d","968.51",1,"computers_accessories"
"07be9bc8241fb542df3e10f395d5b412","966.48",2,"baby"
"2edcf6adbf3719366560d6863cb28799","963.36",1,"furniture_decor"
"5cb6969f0b3cd394de49463c4f4e4017","962.52",1,"agro_industry_and_commerce"
"d573cf2d2bd145e4bc855132a6c815af","962.34",3,"garden_tools"
"824d9780d0313771024a0c70fe9dd9a7","961.49",3,"musical_instruments"
"dc43adc8cf44306503fd3db002d5db5f","959.77",3,"housewares"
"320fb5aed4e43d6dfbf53c4f2c5f70f1","958.39",3,"cool_stuff"
"4e0db43ba51c0e0ede8c48b094526132","957.6",3,"musical_instruments"
"9778dcf3aedc74a5185d423586877952","954.24",2,"consoles_games"
"6d5774791f826a27e8e5521a9b816ba2","953.53",2,"computers_accessories"
"fd571ab12e8d263eaf309774eedfcfeb","948.7",3,"bed_bath_table"
"b760d6b613bc2bca107e3c852501e649","946.9",3,"housewares"
"f29044e048ba222cad4d3d69dc591186","946.84",3,"health_beauty"
"c505a1999c5ad6aacc8339242d824073","945.78",3,"pet_shop"
"63154c299d1199262f60527437e156a5","942.78",2,"office_furniture"
"eadaca4f30575b6c3a4c4efebce9d252","940.65",3,"auto"
"c46f950813dd2dd9bab4188dceb83175","939.9",1,"baby"
"77e1d11cc4954b7a395f9ecba7edd397","939.72",1,"office_furniture"
"0245631f7bd55dbee7c6b441629bba94","939.72",2,"bed_bath_table"
"87fc097f0342e12e5eeb4e772b40a96a","936.99",1,"auto"
"c49be9a11fd13933307cc6a19b03a895","928.68",1,"housewares"
"a51878c7b567d6bb29abf33bbbd80c24","927.63",3,"construction_tools_construction"
"d7883101fd4d6a5b0dd411c2ec79d5ed","927.28",1,"housewares"
"b27819c290321f10bc14dcf5deeab059","923.83",2,"watches_gifts"
"9dc716765847e0436278efdb22248d1a","923.26",2,"watches_gifts"
"7937987ff13bd22aa39304d525e1eafe","921.05",3,"watches_gifts"
"c3fd670b03599718895218d479f660b6","921.04",3,"watches_gifts"
"2db6682455f3a6b47b5202e00c855789","920.94",1,"housewares"
"26d25b216d95d45c3c74ab339d25b534","920.17",3,"watches_gifts"
"d01d40156285b68a07581c2f2321ca55","919.38",3,"telephony"
"0d85f60a7eb6eff92a2c8363050cc7b2","918.31",1,"watches_gifts"
"b93b56bfb9867dddd26df4ee3efa2eb6","917.8",1,"baby"
"e3687275f870db015a3a0dac327be380","917.8",1,"baby"
"8279b5df6e66fb0dfddfc8a4cd10471b","917.73",3,"watches_gifts"
"7f39ba4c9052be115350065d07583cac","916.02",1,"small_appliances"
"ee8eb8b78945c68960a7c42e6211365b","914.68",1,"office_furniture"
"25a93076658202368073fb3697a3f4ef","914.05",3,"watches_gifts"
"309a6726656b1ace9925bb760fc46b81","913.7",1,"baby"
"bd34c0a8e58e5e3a0116f8be431a86ff","913.7",1,"baby"
"040b98b117606d34ba51c4d274a15e2d","913.7",3,"baby"
"e138f0eeabd6890e100c82b9f2925272","913.7",3,"baby"
"564056ed2b1aba6010b16c2dc89735b6","913.13",1,"watches_gifts"
"6afedf08c0521723900128e180319db0","912.65",2,"baby"
"c8b09d2fb2d0f23332a7e6a4e5e43d66","912.0",1,"computers_accessories"
"0e622d371212819a199d533eafd7e4c3","911.62",1,"housewares"
"d19ac15d2d6a66a837bc8bff474218b2","907.99",1,"telephony"
"299372a2c0a08ae166a4dd2a2467dfec","904.8",1,"furniture_decor"
"861e8aba5f5eb922e650b5b186beb7a4","904.59",3,"office_furniture"
"afcda0566edd7333aa8184a5985a47ba","903.81",3,"health_beauty"
"cec0dfdf4408bef61c7d93b02a41f92c","903.04",1,"small_appliances"
"5d7f7d203683b4e7dda40d75e1c4634d","903.03",3,"watches_gifts"
"9f5054bd9a3c71702aa0917a7da29193","900.30",1,"computers_accessories"
"583ad689dbd7bd2d996f11aa82865ae5","896.37",2,"telephony"
"090967205f5215e5d3053cefdbce5aac","893.62",1,"auto"
"a85f6d573e494907ed413a50ba08771b","890.82",3,"cool_stuff"
"6413a8cd79f9720426fd12968b388228","889.28",1,"computers_accessories"
"778c123689474f1e0abaae724ebe2136","888.84",2,"sports_leisure"
"1baafdbda29613148a2517059b996b95","881.52",1,"office_furniture"
"f42bfe430d08b71e6057873397dcc741","878.28",3,"office_furniture"
"5448a97fc343f6f23807effd01938241","876.50",1,"office_furniture"
"8a6b47967a3590fb66d3b0a503b7e155","874.08",1,"watches_gifts"
"323d47b2350119b2f1da2f6fe63e1e73","873.86",1,"auto"
"f891a5652a32da88979c1328c7cb73db","873.28",1,"health_beauty"
"4c393aa9849047431a6c20ff36adbfb7","872.94",3,"watches_gifts"
"34cb1fc28cf67c101ee4d59b0c18da33","872.52",1,"small_appliances"
"4dc5ab28582ada8b30536d03787d2d12","870.69",1,"watches_gifts"
"3bd820484fb08cbd09f9d3f378fae1a4","870.11",1,"computers"
"0ba4f7e89d304a02edca85087abfd14c","870.04",3,"watches_gifts"
"e80816e94dec73e777b4951533d8f50c","869.10",3,"bed_bath_table"
"b1bbf1459cd5cbb3c23aad7656250ced","869.09",3,"auto"
"27446e58f8fae19b8a6bcd15ca43f0ac","868.54",3,"construction_tools_construction"
"561dd928c7f7e63277e02e6662bcce48","868.24",1,"computers_accessories"
"6b3138748728fe92cf423b0abf199c8b","867.95",1,"telephony"
"6c1d2589bb92157989da84b6f7ac8ef6","864.98",3,"health_beauty"
"70a3acb4b096f675be6a2e03e2fb67bd","862.39",1,"bed_bath_table"
"525c4dbcaecd35a5fac2e4053589df08","861.86",1,"telephony"
"13b4f8c4b570d25d95bfd3c915ed9c38","859.02",1,"computers"
"bd9437912c7f33aee54e576b86b3a276","858.65",1,"home_appliances_2"
"b59dd1cfaae00761d5a3b6749e874c80","858.65",3,"small_appliances_home_oven_and_coffee"
"5825f62edda362144cd0c349124fa927","858.31",3,"telephony"
"f3f65564546eca69a8247a280e51a77b","856.86",1,"computers_accessories"
"33b50846ef5349564b8be2af1d6000aa","854.33",1,"agro_industry_and_commerce"
"0017afd5076e074a48f1f1a4c7bac9c5","853.39",1,"computers_accessories"
"641682198a3f69b843b8d88fd145b8de","853.22",1,"health_beauty"
"8c8d824536e2e08f134637875b9154ba","852.49",2,"home_construction"
"fad45938bae3bd8a63fbae03cc8ae040","852.37",1,"baby"
"180935cf02d9456075076eeaa57cdb70","851.73",1,"computers_accessories"
"85a0f4063a60774bca35eb38ffccd86c","850.92",1,"health_beauty"
"0e530f6be154c9d7e7b12f34153b0fc9","848.93",1,"sports_leisure"
"5d9d34ab320a65d476024f1146155415","847.82",1,"baby"
"eefc2dca61d7ccab611eb2ef18eea94b","846.7",1,"bed_bath_table"
"d809ddde66fee6223df16b11231491f9","846.52",1,"cool_stuff"
"9d92d6b679a62c069b6c7d7ecc1a4b90","845.81",2,"health_beauty"
"c50ed2bf9927ae7e870560f6fb8894ed","845.01",1,"toys"
"fcf50b257e3e35c31244d4d78b760c44","842.31",1,"computers_accessories"
"caa54c0c98a40fedc7ee2dfbae713846","840.82",3,"watches_gifts"
"a98f79318168a3b20eca9c4530909f49","840.63",1,"bed_bath_table"
"33f3b890664d602ed67bad1fbc454474","839.88",1,"pet_shop"
"6b17faa4e2b485586a3bbe992eb96d0a","839.61",1,"watches_gifts"
"186efcd656d8ac4332156f594df02572","839.4",3,"home_appliances_2"
"c7197036433dac8ba4041a18b0b435aa","836.7",3,"small_appliances_home_oven_and_coffee"
"a0d35026fbeae4c918e39e0ac44e637c","836.16",1,"cool_stuff"
"4bb3eed0b423bcae4c063a401e17308e","835.55",3,"bed_bath_table"
"4bb3eed0b423bcae4c063a401e17308e","835.55",3,"home_confort"
"6ef7236f77012f10ce40fccc912d7f4f","834.12",2,"watches_gifts"
"93240f6a90ae9889c692787235e66a0c","830.64",1,"computers_accessories"
"0b3457e0c4ca3f53aed80917d932b787","829.56",3,"watches_gifts"
"369eee143e91ca7a46cdddc5f679e1f3","829.17",1,"baby"
"389a9ea0a3b847e32aafa6fc297e2a9d","828.65",1,"toys"
"491973b24e759d56ee5fb0e7477a823b","828.22",3,"cool_stuff"
"bc3fdb57bf20b2ce17d66ab9750415ba","827.30",3,"bed_bath_table"
"f81cffddbb8c9cf0ccdd3a5a4161aa64","827.0",3,"furniture_decor"
"f271576bed568e896f99eb710cd3a6f8","824.76",3,"construction_tools_construction"
"4065c0062f606b943e2fef1d5454ce80","824.08",1,"construction_tools_construction"
"4fc7ee0d4813a5443edc4f7348eaad58","823.16",1,"auto"
"28509a1c959e460948d32485cac51f9d","823.07",1,"toys"
"b3fd6f1d726da32abced71e3fc845e35","822.90",1,"construction_tools_safety"
"b3fd6f1d726da32abced71e3fc845e35","822.90",1,"home_construction"
"659c757231085ed35dafa16a50fa16e8","822.07",3,"furniture_decor"
"f20cc6ac66becd9a2a6ed1cdff31c383","822.04",1,"construction_tools_safety"
"81539e7eb97d9fba708603ac8f00b6c9","819.47",1,"watches_gifts"
"6751421a5f8978f08dab6b35213d769d","819.32",3,"fixed_telephony"
"853fdd4f5504e5f2c286e302f0047f4f","819.31",2,"consoles_games"
"b3fd29980d666178c001b895e9c5eed1","818.89",3,"health_beauty"
"7597acfdc4c37d290f854bba148c0e4f","818.35",1,"watches_gifts"
"cb78dafa7c2ca5d9eafdc6f02cd4f3b7","814.37",1,"small_appliances"
"cb78dafa7c2ca5d9eafdc6f02cd4f3b7","814.37",1,"sports_leisure"
"9bc9e123b2d0de667a9468b65648ab73","813.44",1,"furniture_living_room"
"969d4417af042f4e8bb879f49e51b447","813.4",1,"home_construction"
"a6917b5d71e0e9bc434e9228db8daeb2","809.70",1,"watches_gifts"
"15443e6c36bee0191bba44f93f55c1fe","807.47",2,"auto"
"53366f56110f65cb92e10f720b3679a5","806.46",3,"garden_tools"
"0c532a9c46c5090a74edf2c28388699a","805.75",3,"small_appliances"
"b6e5ddeaf2e5b56015e295beb333f305","804.52",2,"musical_instruments"
"64582c699f99b4dd3c326b13c3bdc644","803.92",1,"computers"
"db7f48023b3aaa3002217d55bf03ee3c","803.24",1,"musical_instruments"
"26298a4e971b2abb0e472ae55f3a6cd0","803.04",3,"kitchen_dining_laundry_garden_furniture"
"6af6633de36925111b10a688783d004b","801.84",3,"kitchen_dining_laundry_garden_furniture"
"0e6d9d386c1cd507df2b07bac0e8b4c8","800.11",1,"health_beauty"
"2107484004fafd3fa95b3ddefb066aed","799.94",2,"computers_accessories"
"f3a34019663003872f3892902d2b7b2d","796.02",3,"computers_accessories"
"589eac637e68da58add10ee5e6710bac","795.95",3,"computers_accessories"
"11a9088002b4fdb9c21827b2b585dcf7","795.61",3,"furniture_decor"
"11a9088002b4fdb9c21827b2b585dcf7","795.61",3,"health_beauty"
"785d9cc9690385fee964390cf2038b17","795.35",3,"cool_stuff"
"4b8790aad555862909b489f99383b16c","794.48",3,"office_furniture"
"d99b8ff94ddb329c1d7e03ab9d9019e3","793.09",1,"small_appliances_home_oven_and_coffee"
"a67c02dc9c53a5bae76418bff0a534cf","793.09",3,"small_appliances_home_oven_and_coffee"
"7a2caaaf6f039835babfdf9aea003412","789.04",2,"watches_gifts"
"f79bd0b3bacc5142f90f81a15b4a602c","788.71",1,"toys"
"14983a8e9fbbb6ec172cbfcdc13aa291","786.82",3,"construction_tools_lights"
"14983a8e9fbbb6ec172cbfcdc13aa291","786.82",3,"sports_leisure"
"5f4c8250b9e6ee47971e0b19da4aa0f2","783.22",3,"office_furniture"
"34b7b4a618b1353f3f3dd088fc4a2300","781.74",1,"home_appliances_2"
"d61923c6cb80bdd877ba63a3c77830f0","780.05",1,"industry_commerce_and_business"
"c7f459819fbc882d63765b5488f6fc8c","779.77",1,"cool_stuff"
"82fbc12799bc20f75c107e8e3fd55f38","778.47",2,"auto"
"50ab05e97b974138bdb98e5248bb4ec2","778.46",3,"home_appliances_2"
"4427836afdab8880f5ac2b25c710c822","777.73",1,"toys"
"7f1a619240cf71f520b13b660753f8c7","777.68",3,"watches_gifts"
"d5bd26cb62e49fde71c09ef5039cf2f6","777.24",1,"furniture_living_room"
"0759ac0ac1a0c11ab13fc66564f4e112","777.24",3,"sports_leisure"
"00bcee890eba57a9767c7b5ca12d3a1b","772.50",3,"computers_accessories"
"d24b287420a2c9f6fcbe91cc11d788c3","770.24",1,"housewares"
"d0e379ef6e0ea864c470893dbd5da4dd","767.84",1,"housewares"
"61d5f1dcdf9b023ea7622b65d2362e4f","767.69",1,"watches_gifts"
"844c27433de65d38b642bf2350ea8054","766.89",3,"signaling_and_security"
"2d40bdf3c32d416ae6d5d50e9e28e89c","765.84",1,"bed_bath_table"
"8339b608be0d84fca9d8da68b58332c3","765.84",1,"bed_bath_table"
"3ee6f1a94cd7b1aa622553fd94a3aaf3","765.64",1,"computers_accessories"
"019e03014ec20cc2e3b180cdcf90b4e8","764.52",1,"cool_stuff"
"c84590a1df6ea0f368982305cc668c46","762.23",3,"sports_leisure"
"d44d3aabe5fd82754ca3b4696cdc90e7","762.14",3,"watches_gifts"
"4c9765e8d244352198202cf29ffee005","760.91",1,"garden_tools"
"4c9765e8d244352198202cf29ffee005","760.91",1,"home_construction"
"f8cea030b5609de692906ee83fda91ea","760.32",1,"housewares"
"aca5ef1d6df08d476703f538ba867594","759.25",3,"toys"
"cc7b37be243e081241f0929776e0ff3e","759.20",1,"fixed_telephony"
"8138944aa954bbc7c286a30839130583","758.93",1,"sports_leisure"
"21ac7b9aaf4cb4e41aa7ed2722a0c2ab","758.25",1,"furniture_decor"
"21ac7b9aaf4cb4e41aa7ed2722a0c2ab","758.25",1,"home_construction"
"dbd74f2a5844c047df77a7722409678a","757.97",3,"watches_gifts"
"ca0400dec2c292340c373e63b1c2c597","757.68",1,"sports_leisure"
"1ccac023123acc23d8b0af4d3190069d","755.89",1,"consoles_games"
"e55ccf4e8ae6aa77431729b1bf96d741","751.08",1,"telephony"
"22aa0b4e8c7855fd8d534a7692579a36","751.05",3,"cool_stuff"
"ece8853f47b1069c213415c8b64ad6b3","750.49",1,"computers_accessories"
"87c1c6290f9a38a66bae906e0d230d3d","750.21",3,"watches_gifts"
"3182ecdf3da0331bf56a6b4ff5e069d7","749.64",1,"furniture_decor"
"5e5b80a664dfaad7f64dafff8e8d018a","749.44",1,"office_furniture"
"fba65f440e70a49fc76b781c48ca3e62","745.51",2,"construction_tools_construction"
"fc4e4569c5ee84762423c8111fdea8c7","744.66",1,"watches_gifts"
"1593ad9516af3ed6b4bfa1769d77f0b0","743.56",3,"auto"
"67e9625c39f8c6e529f81ad4c28acc5e","742.47",1,"auto"
"8f578fbe296dae4b9f11a4996da9c47d","741.44",1,"stationery"
"7b598857cddf46a156640f69f70a6e6d","741.31",1,"housewares"
"47ea87f2edc83b2d8da91f354ed05d63","738.65",1,"health_beauty"
"27c747b711a812bafe3c276823a6bf73","738.57",1,"consoles_games"
"69b00a66e2558dd57ba062f782995941","738.57",1,"consoles_games"
"cecd9c6ae9fe969cdedf8c252eeaac73","738.57",1,"consoles_games"
"c6d26341bec0769b3ccfa232c63b3675","737.85",1,"office_furniture"
"b266fc1224f5d4b3ea5c8ac9ffaec15e","737.36",1,"signaling_and_security"
"261f725152296e3e8d5041687181d836","735.96",2,"construction_tools_construction"
"9081eb59066e15ca372cbdf65b67c57e","734.14",2,"cool_stuff"
"2c13ece9c2af7270ebcba9ee8a33afc1","734.09",1,"telephony"
"b45e33527c11959b80ea6d7c471a34cf","733.53",2,"bed_bath_table"
"94c61f1ebb6e6f2da2d8a0d7ac853729","732.68",1,"home_appliances"
"d9b4ededbb6c5f5e5afa0e7cc2a5dabf","732.68",3,"home_appliances"
"774b8c52e2dda4cae042a9175258ab1b","731.37",3,"watches_gifts"
"a65211639143a90d6cb4116d808b1823","730.95",1,"home_appliances"
"7ccdf2db4cb80263b5535a6cfad598e8","730.84",1,"consoles_games"
"56417f76b00d347bc97497d3f823cea9","730.04",1,"consoles_games"
"f04955e9d40fccf99360d76c463cf97e","729.30",1,"office_furniture"
"bfb6c9ff90e48e59a7de1a1686fd181d","726.89",3,"watches_gifts"
"b30f6677ba659390857271ffd12c0d29","726.84",1,"watches_gifts"
"a3a7174a10bf6d3da7d4142311829ded","726.6",1,"auto"
"f13b53e842d66d6ea61e1c8da79a4550","726.6",3,"auto"
"309b9de8813533826a3005f94bee92b9","726.05",1,"furniture_decor"
"309b9de8813533826a3005f94bee92b9","726.05",1,"furniture_living_room"
"9781e9a5064f50e5bb4ce028b9f1963b","725.99",1,"watches_gifts"
"edb7ff04046ebd1f274c506a91568601","725.81",3,"garden_tools"
"a5739097eb2ca76c5777ee5c16b5d3c0","724.69",3,"fashion_bags_accessories"
"448795135b904d057254f5fd0d5a6a4c","723.08",1,"bed_bath_table"
"12589ddcbcb65fc7420d1f32a15d2169","722.76",3,"auto"
"dde27525b15a17fe5d8b8503e60143c5","722.76",3,"computers_accessories"
"4e1fb96e2f63c315a9ca0c11d9254ada","721.74",3,"housewares"
"225ce7a56330d0d477b097a8752b22cf","720.98",1,"consoles_games"
"854d9f86041d38857c38795f8c133494","720.98",1,"consoles_games"
"558b411669d1eaae0ee5ec3186559cce","720.77",3,"food_drink"
"08d7ec7381dc51d41a0e4d86314b7a98","719.76",1,"watches_gifts"
"10870ce1b8fbb2c59df2c544b74d1b54","719.65",1,"dvds_blu_ray"
"a41147091da0a907ca54accc4bf5b231","719.65",1,"watches_gifts"
"fe4e52536814275494989d5f8427b484","718.64",1,"sports_leisure"
"dc8302e63ff9b2dc67dd51edbd8b537d","717.23",3,"musical_instruments"
"bd429f272e71ed50b0adf8defc8d24e1","715.34",1,"auto"
"1c05452697a356ff98c4c3391e207ab6","715.32",3,"sports_leisure"
"3629454fe243df9fe9b49babc52d98e6","714.91",2,"sports_leisure"
"3e9638823ecdbfaab776fd985c88ec3d","714.53",1,"watches_gifts"
"9c3d371454ceddff5d8fa8aa86ac7c1e","714.5",1,"stationery"
"25348d7abfa3893731e3836aab2f6a6c","713.55",1,"watches_gifts"
"110f6ca5866b291c8689e08bebf7f8f8","712.29",1,"consoles_games"
"0a53c1150d1019fb4e5e6224e887011f","712.25",1,"cool_stuff"
"bbcca9e5415969279dfcf9cfef7d608a","711.57",1,"baby"
"1451f4e1d7e9367d2fe5173de35b9656","711.56",3,"consoles_games"
"37b2bceb2db60f10b24b1699aa3ad7c1","710.48",1,"consoles_games"
"2c326cc8b2ff60f30ceb556f4581d7a4","710.48",3,"consoles_games"
"5ca18035ac56a17dd903b0e8410aae06","710.22",3,"computers"
"4806c15e687faabdb46ca2643cfcfa6e","708.48",1,"musical_instruments"
"83f0c4c6b1a3c31214ca8266dc888258","708.29",1,"office_furniture"
"83f0c4c6b1a3c31214ca8266dc888258","708.29",1,"sports_leisure"
"e0100dc88768c6ca8b1b419fde8a50fb","706.84",1,"watches_gifts"
"2a11e293888cfc616767f5be01e7e5d2","706.71",1,"furniture_decor"
"0d6cc2219ef268358eac3c49b47abca9","706.42",1,"bed_bath_table"
"9d817e85739426de1efcd842ee59cbd1","705.33",1,"furniture_living_room"
"fb01e8d8215d266abffb5ca379063244","702.48",3,"office_furniture"
"d8d281c1a1398a1e835fdc4adfb81e2a","702.41",1,"garden_tools"
"a3475ffe00b0ffdf1951a56d5a6b8102","702.18",2,"bed_bath_table"
"d3b019b69082303782e91f315a23491c","701.47",3,"home_appliances_2"
"e3254323dd511d109978d37345cdcbae","701.13",1,"auto"
"9f2d2d818cb0f29ab0912722b52dcb38","700.89",1,"cool_stuff"
"fbb38f33f44df110ef060767b70bdfa3","700.53",1,"computers_accessories"
"0fec5b52f7f6c1e7b725c742a8bdf7d4","699.84",3,"construction_tools_construction"
"b7467ae483dbe956fe9acdf0b1e6e3f4","699.72",3,"watches_gifts"
"b6b3633f97c686d8e188ac6fa29ff20d","698.85",2,"telephony"
"7a14d9bbf5aed76152f4739c23cd7970","698.45",3,"signaling_and_security"
"8c6541ccd245c735762e6dfbeeeef23e","697.23",1,"watches_gifts"
"ce938f4382d04c8b3df8c773d3187449","697.23",1,"office_furniture"
"446783bed4af912fc010915b3ead3b91","696.63",2,"auto"
"0decd9643e5f685a9fc1bf05ab16a186","696.61",2,"computers_accessories"
"bcdbb3b243d4e882503b919785e2343f","696.15",1,"fixed_telephony"
"f30607daae66843552e00843c6de88ef","695.99",1,"health_beauty"
"46f3c70ec2c3e58a0c126aeb5d10d9b9","695.61",3,"home_confort"
"2eb868f2f7abdf4284337d1cdeb7399b","694.04",1,"garden_tools"
"1d368a43ab595c909b1be8fa55d9fe9e","692.82",1,"watches_gifts"
"d441b72d920571f8ac2d3c847eee6e47","692.65",1,"watches_gifts"
"180956bcbdf2ff42e547ec8dec11ed1f","690.85",1,"sports_leisure"
"c285661a8320d062c60574830bae4199","690.68",3,"computers"
"95c46d8a9e4c24ee3a09cff518a7cd99","690.32",1,"housewares"
"bb44d0c37f5fcc456bbaefd9aef6adb8","689.52",1,"computers_accessories"
"24d5baa0a610994fc46c99bc62764e56","689.19",2,"furniture_living_room"
"8b8d29b32c3d5f608cde1e13cd5df23e","688.35",2,"health_beauty"
"857a0b439aee4a14bebfef2ed3cfa26e","688.04",3,"kitchen_dining_laundry_garden_furniture"
"90d36c9ade58b86290e2b48ca7348cc2","685.56",1,"home_construction"
"fcfafe875071744d2798813304dd6076","682.83",3,"watches_gifts"
"e2fdffd08df55baaa7b97c04d4d2b606","681.46",1,"furniture_decor"
"01ba82170ebb683c73793bb809bbf1b9","679.68",2,"office_furniture"
"a190028f649b28fd7a98cee4d7e947c8","678.17",3,"consoles_games"
"a31edef7b507f33a0ed568753097dff0","676.84",1,"watches_gifts"
"7229557b67bb7b631f68aa308462a533","676.84",3,"watches_gifts"
"93f02e3d7633cf1fa948b35b5003cb18","676.80",1,"furniture_decor"
"0d604e02c2216379b914f6ff1aadf8b4","675.94",1,"auto"
"b32b873f99e4025c2e69eed86c1bcc97","675.86",1,"watches_gifts"
"667d3f09efc825c4155dbbc820f01666","675.77",3,"cool_stuff"
"9e4e44e1a6c68a8d59b97d5e6c241974","675.0",1,"auto"
"fa3cc6b1b48c7b730f6c4c43e423c5aa","674.92",1,"furniture_decor"
"e98eaa3acbf55a63a501cec1baf45f9e","674.69",1,"auto"
"1a0947b062b99b0dddceccfdf2405039","673.68",1,"construction_tools_safety"
"c5de257a3b1e0eccc238b501b939b9dd","673.50",1,"computers_accessories"
"fe25e6ae3200a0fd420ba45277d19fc5","673.47",1,"small_appliances_home_oven_and_coffee"
"36a924d21368a46d4ed120b8adb1dc3d","673.23",1,"auto"
"a484a3b382ad9e61385e85f22607e135","672.82",1,"health_beauty"
"4f8fb49bd955f713c79333a0a2d9da57","672.41",3,"computers"
"47dc3a1de5a0aec4323cdade0588655c","671.85",1,"watches_gifts"
"bbc289789c7c2753320ce35b3fb773a2","671.8",2,"auto"
"5645645107dea4fb252b5fb68ed75db9","671.51",1,"sports_leisure"
"f3444b42b17fcf5eb8f23ec2d69e21a7","670.99",3,"health_beauty"
"7bb05074b041c44496d524b3ee0af913","670.85",1,"furniture_decor"
"cebe3ad5dd36961f040f2fff4da454fe","669.96",1,"telephony"
"85b65cf0a36d51265b279d78117ea65e","669.3",1,"watches_gifts"
"397af12009650f370c819563b8e6c68d","669.0",1,"auto"
"d860631771a39cab8dbd1fd3c9d9b46b","668.3",1,"watches_gifts"
"92dae1db0e45a5e5b08be2406e81eea3","668.26",2,"auto"
"879a1b657dd0ac822411797d57cfe29f","668.19",1,"furniture_decor"
"c20f5cf8451a562b0fc50dd48fc8d68a","668.04",3,"cool_stuff"
"95820ac4fd93f004aa579562aa61bb55","667.56",1,"computers_accessories"
"4efe78f6ef58eecff2dee027fca3a31f","666.71",1,"health_beauty"
"17774450f243f686546b04633a04dbdb","666.68",1,"computers"
"d3a49dd2f9c21558b7a82c8f076f6c1d","665.7",1,"cool_stuff"
"a599309f5f79fbd2d37ff1451b16d526","665.54",1,"cool_stuff"
"0a131976e98291762104959158e2bdc6","665.44",1,"consoles_games"
"762ddaca284fa16755af5aeef88e55f6","665.44",3,"consoles_games"
"73b1defe09cb47bd521306b506af7d3a","664.76",3,"kitchen_dining_laundry_garden_furniture"
"c52d67553f681ea84724bf36d9fb13c8","664.26",3,"sports_leisure"
"d24be64fd6aadd3a06ae6afcf8785cc2","662.74",1,"auto"
"d24be64fd6aadd3a06ae6afcf8785cc2","662.74",1,"housewares"
"1a9543c90f188e2e4fb14327ad4a9c9b","662.34",1,"office_furniture"
"cbb72509db819f7369c9f19d15b8c64c","661.76",3,"cool_stuff"
"20ece825fd1a3714c240d58a96df35ea","659.84",1,"auto"
"87a12102217bbaab0f4184b345e9177a","659.52",1,"office_furniture"
"ada32a7778f9bfa7e805008da5f02d50","658.3",1,"cool_stuff"
"a96d3bc5d1e3315554ccd38f27ff5ef3","658.29",1,"computers_accessories"
"2baf80a0f30b1660ef1d0653314c04dd","657.92",1,"baby"
"2baf80a0f30b1660ef1d0653314c04dd","657.92",1,"bed_bath_table"
"048e6e4623dbf118c43e0f5572016faa","657.63",3,"computers"
"245b2a09d0f787df368d4a370a63eb58","657.63",3,"computers"
"dbff645a24a20fde7eb395e28eddd916","655.6",3,"cool_stuff"
"1164c7cd1bc7ce2567ff3159aa3cc51b","654.82",2,"auto"
"0a703303bdedfaa80afd4eb17280f2d1","654.8",1,"furniture_decor"
"8d23184181b28b55b4c150dec4f0f010","654.38",3,"furniture_decor"
"cf3a11ded6899d6b589a1e4a4a4308c0","653.72",1,"stationery"
"0a77b770428bccbea7f9dbf8aec5d6ae","653.64",2,"bed_bath_table"
"0a77b770428bccbea7f9dbf8aec5d6ae","653.64",2,"furniture_decor"
"bb2dfe6031f35f7abc9a3c7dad5e4467","651.84",3,"health_beauty"
"7bb854599c1f0c6bc0fc1dfd8a49e244","651.73",1,"auto"
"fb9489db9eb0031c0f793fb3af5887c2","650.63",3,"cool_stuff"
"d905ea9eb4e5000a35cbee306bce1935","649.86",1,"stationery"
"ae352cde9779081a0ca9020c7e276325","649.71",3,"housewares"
"5fd0b812a7ad786c02970c4223ef1dff","648.82",1,"telephony"
"bb9e3fdfc33f7fe56fd38f6adacf760f","648.03",1,"computers"
"e7b531a9c4e9bdb68edc58e15736c6ff","647.0",3,"auto"
"08a2535facf687274c238d2c9f59b7ce","646.6",1,"sports_leisure"
"d95ca1fcb72812383e41e2eb7ca65dc2","645.68",2,"fixed_telephony"
"20179c04ba0e2e024542349ec1d5d263","645.26",2,"watches_gifts"
"874b5f0892d39a5537e47c53d0ad4457","643.84",1,"drinks"
"cd8f2120c33a529b80500e09d7ac22c9","643.19",2,"auto"
"0693ed674763a4fc34e2c763c7fd25c2","642.64",1,"furniture_decor"
"8e65dc9111065511a3429687624b4fd2","641.18",1,"home_construction"
"8b1be6fcc4f86f65c9f71a73ed439f05","640.16",3,"cool_stuff"
"1dc15f1603f062d0d4b587b55dea3006","639.98",1,"auto"
"218078d00b6b6ad56df0e38236ed62a7","639.98",2,"auto"
"b4bb559c3c861fbf1a6a0a972809b93b","639.54",3,"housewares"
"88fb1f364095174f013123c8a3781c31","639.43",1,"watches_gifts"
"261a8ca735b8270388b09a99abbb1cff","638.51",2,"sports_leisure"
"1ae8a88bf94d02224f932e18297baa64","637.09",2,"computers_accessories"
"67b1dc65d26c33458a65a0dc85c2d682","637.02",2,"home_construction"
"b8602ecb5d10f27cd89d0e7b5a8ec2a8","636.90",3,"bed_bath_table"
"6fc4b5c7dea29fb5062b9fb57e3d958e","636.74",2,"cool_stuff"
"5b33e5b23e569f404e6eccbbce3e0aa4","636.74",3,"cool_stuff"
"127f9a529b28fc93cac5f4084c3e51cd","634.45",1,"computers_accessories"
"6007efb03b652fb947155d0dd1001098","633.70",3,"computers_accessories"
"3df55fc07ff463109ce0422439693aee","633.20",1,"bed_bath_table"
"3df55fc07ff463109ce0422439693aee","633.20",1,"cool_stuff"
"45076151b8ea416cffebd82f5013905d","632.74",1,"health_beauty"
"727c518f08e50c90816678d404111db2","632.48",2,"auto"
"3c042ee4b8b597c3d265a93a21bbf99f","632.23",1,"health_beauty"
"bd6dce6c4936210f8fd197e2ba523fae","631.71",3,"housewares"
"a756c394e02e7cc83cbcc594a969bf59","631.46",1,"computers_accessories"
"339fa9425f5d4dbf7cff350b0b7a4847","630.95",2,"pet_shop"
"0cb87161e7b8247087cc93117f44a6a6","630.28",1,"computers_accessories"
"104d88e666e2ec697eee4ce419862e5a","630.09",1,"baby"
"67f3b828f1f998df84200e854c3119e1","630.09",3,"baby"
"ae9da8a9447f05b1310ecf197fca8bb5","630.06",1,"sports_leisure"
"9eb401aae2d502a73f4a27f97d3bebf5","629.76",2,"cool_stuff"
"ef71772d55431467890fda2f45c7bdde","629.64",2,"home_confort"
"7371767ee0b71bfe6d023e7525f3cdec","628.22",1,"auto"
"9ffe2ecd67ea09ead5b860aa81182fd7","627.25",1,"bed_bath_table"
"e29802498c81638fb4377d7c7137031e","627.06",1,"sports_leisure"
"5e34ad6a26152d8d8743a70e214b1a98","626.76",1,"computers"
"2ce81d16edb6568f5ff5b9ec2e5cb4b7","626.76",3,"computers"
"6c28b1d1bade1e274dc893aaf8b0535d","626.68",1,"cool_stuff"
"430545209b9cc4b7ef7ae765a54816a7","626.48",1,"garden_tools"
"427a58275f0da4b6f1f58f4df099af34","625.74",2,"housewares"
"80aa2135c5b3fe41dc3d30aa45bffc92","625.18",3,"bed_bath_table"
"2cfc5ee5cb1e43d70d3dd6f28b2b50d9","624.56",3,"computers_accessories"
"cee919bd7163243ec1de9cab6b7b7bc8","623.48",1,"watches_gifts"
"c95fb74948e8db073f6114d3fa726fe1","623.34",1,"cool_stuff"
"e2456fa3a339b1e8aa3ea8045a1ead4e","623.34",1,"cool_stuff"
"1f0ece120cc036379fc3b3bf6f930947","623.18",1,"sports_leisure"
"33adf242c9c30fa2e16fc97d70845487","623.10",1,"bed_bath_table"
"ca710aeaf469a14db2f46bf1bf7f5c54","623.1",1,"computers_accessories"
"34ae480fe2cec3fa921d33b72b32572a","622.98",3,"air_conditioning"
"e179df200326739d8a8bc2353c2c7699","622.64",1,"pet_shop"
"05ce7829fca9c640cd884ba446956158","622.64",3,"pet_shop"
"69eab1df0881c314c60f8a3a1935cfcd","622.28",2,"sports_leisure"
"a7a9b0f583c7121452bf658dafcbbc8f","621.78",1,"watches_gifts"
"6750058e05720fff77d640735d0802d4","620.03",3,"toys"
"a0d699e2e7598ef4a849c8089f3c1277","619.34",1,"toys"
"c595bbefb93ccf827f9dd4b7c3f25785","619.34",1,"toys"
"4bb429b2f70ff5c85e7fdcecb5efa852","619.34",2,"toys"
"f9dacb87560bf2a37dfc69ef1c0d4e08","618.88",1,"musical_instruments"
"c7e5dcc08eec0d2beca3642ca762a0b7","618.75",1,"watches_gifts"
"3c842261892c32fb5ce15222b72fa6e0","618.6",3,"sports_leisure"
"d74791c08aaa52d2224fb2486e311413","618.29",1,"construction_tools_construction"
"bf6ae1909b2e970bb1c4f1119b324b64","617.93",3,"audio"
"312bfb221da51864b9fc4b361542ee5b","617.79",1,"watches_gifts"
"04730e3327a051a939ae815e14e482e1","616.94",1,"watches_gifts"
"6dedf40fe422e8f0ae38641d2ed11f22","616.94",1,"watches_gifts"
"36cdcd48e9697951eef9c32ef39dc9f3","616.94",3,"watches_gifts"
"0cc4f59df564ec8dd6539dfdd8b29472","616.8",1,"small_appliances"
"ec46fa0c63f83339ec26fb20a159d488","616.73",1,"auto"
"31a9ca81d056ac824459a57e784fcfe6","616.54",1,"watches_gifts"
"9e1cc8d31c00bfb769e00998a4b665c9","615.11",1,"toys"
"be72521069e30d3926da91a5b86aede1","615.11",2,"toys"
"b36ad36000bcccc8dbefea10204348d5","615.01",3,"construction_tools_construction"
"4857ab4a4500b4de3c4bbf57b2e04789","614.77",1,"health_beauty"
"5b62faa806e6491e48c6610986ee31fa","614.45",2,"small_appliances_home_oven_and_coffee"
"337a9f67f1a66c4e9a9734911c1bf2ee","614.4",1,"health_beauty"
"ab1a70d5cd14419a6f2c2aca5ee8a79b","614.21",3,"bed_bath_table"
"ab1a70d5cd14419a6f2c2aca5ee8a79b","614.21",3,"furniture_decor"
"ab1a70d5cd14419a6f2c2aca5ee8a79b","614.21",3,"office_furniture"
"cb8a63e70a7f664281f701b6abd79fe5","612.99",3,"garden_tools"
"4a62fb19d5fa08fb514619dfcc617b3d","612.54",3,"watches_gifts"
"6a6d3cd77ef3a533edef69dccf6c0de3","610.68",1,"office_furniture"
"6c690f3acecd6d2c000b1a67a1a699c3","610.63",1,"auto"
"8b41e34451a7b359ebae366d22e4abd4","610.51",1,"auto"
"11e75c2a931a2968007c44bddf001102","609.66",2,"furniture_decor"
"4db6394e792193904621c7cab3e2120f","609.50",1,"garden_tools"
"f321507959f5d110b06985b282a5ea6e","608.88",2,"computers_accessories"
"56abbae9014467d35f46261ee6f7fa71","608.67",1,"audio"
"cf785a05b67a9d6bc87e8cb56ec94e77","608.28",1,"home_appliances_2"
"4da0b6d6c8c1ecb4588a756d5e2d2f54","607.87",3,"health_beauty"
"ffb9a9cd00c74c11c24aa30b3d78e03b","606.95",1,"bed_bath_table"
"2e84df8fa5a2f0d5eab815d6c157b1f3","606.8",1,"furniture_decor"
"840d7cc10efae8ba460cc8ea84f1b6db","606.48",1,"musical_instruments"
"f221e96b7de74d489ab306e560fb83a1","606.11",1,"auto"
"987b037ce809649fbc99bb85a3cc022c","606.04",3,"sports_leisure"
"848b0561d4bc26f57b288a5004f38683","604.86",3,"computers_accessories"
"848b0561d4bc26f57b288a5004f38683","604.86",3,"electronics"
"78c68db8e7034d43fdfa205630fe7826","604.73",1,"bed_bath_table"
"7441d0f70c52613e4e761304a7d2be9a","604.44",3,"computers_accessories"
"aa24794b9a7d2c0193cc98b0b2c2f33b","603.30",3,"computers_accessories"
"e78e6c2d9d913cda60562cd825c90374","602.88",2,"sports_leisure"
"e78e6c2d9d913cda60562cd825c90374","602.88",2,"watches_gifts"
"ef06e7945c6c75f875b06db75ea438cc","601.90",3,"computers_accessories"
"99986880076491bbfa81921df6b676f2","600.74",1,"office_furniture"
"31f64c63fe5b7363cb0ba4cda8110f44","600.43",1,"auto"
"6bf14ce96e0c6026fe21f80a498bb446","600.43",1,"auto"
"aa078289a37e7fc6858559006061646d","600.43",1,"auto"
"aec4f42c8ecc65ba995a4ebcd0e1de2d","600.43",1,"auto"
"b51f2621265ffd44eb7cdc9358836225","600.43",1,"auto"
"bc6f0d20151b72e478b552a053707ec6","600.43",1,"auto"
"29c3b79aace1b72a82b1232bf494e16f","600.43",2,"auto"
"1dbf0806fc07152b9dc46b352e62c8b8","600.13",3,"kitchen_dining_laundry_garden_furniture"
"2b0d2d60eaf705257bf8fc3eac1680d6","599.56",1,"bed_bath_table"
"9626d198946ba7132f0bcaf33f7ceece","599.49",3,"garden_tools"
"36272970346cb4aadae6ef0defd79773","599.30",1,"health_beauty"
"b03614607ed7a36258b150150b1e898b","599.18",1,"watches_gifts"
"1cfce7466cb5b7c473426907c2cb148f","598.56",2,"office_furniture"
"257b9cbebe66bbd37b4233212ec1a909","597.44",3,"office_furniture"
"019543c0de8386be97738b589ee695aa","596.95",1,"construction_tools_construction"
"6066a9bffba977ef146cf6f56ce9bd5b","596.27",1,"auto"
"58be29292eff76e98cd5063f83ed7c51","596.27",3,"auto"
"6679904ebe40b42a197e435621f35ce7","596.27",3,"auto"
"8cb5fe50fcb1a1155fa2f27857895eaf","596.27",3,"auto"
"504779028c4065be89d73e2b2aac60e2","595.94",1,"watches_gifts"
"a078dc6e0c09350ed278918b2d30a5e7","595.59",1,"home_appliances"
"ac4b7ecdaaa68d5c37e626e9a1f49005","595.49",3,"books_general_interest"
"559d6842e0a3468f1941683ca901b582","594.69",1,"watches_gifts"
"69d4b792fad7f4acff2e38e426f5e3ea","594.69",1,"watches_gifts"
"943dc313319b98a46f1aa70d59b68715","594.38",2,"furniture_decor"
"b8b6fc684620d7c82ae7a4435e8d6a90","593.67",1,"health_beauty"
"c55086eeed63b963d33c3253b9954895","593.24",1,"auto"
"e6bed0846d5d268bf1ebcf66eab19a42","593.13",1,"bed_bath_table"
"07bd0c7e13ac7c3a408dd3bc8f18fc78","592.18",1,"computers_accessories"
"a04b6ad9c324577c000835fca4587931","592.16",2,"computers_accessories"
"c9f1715aa7997f1ebfb8560a516d92fd","591.88",3,"health_beauty"
"a140c8837fe93faea735fdb258215911","591.87",3,"food_drink"
"a10b5cf95e016d8abd403c05970234a0","590.36",1,"office_furniture"
"2640506a4584f571430195e2fa215406","590.08",1,"cool_stuff"
"d8734ba226623cf1c86b3cce8cbffa78","589.42",1,"construction_tools_construction"
"f5c7fcc9933ae8861462ee79735d9993","589.05",1,"small_appliances"
"07c86971c5f40e822bd71ab44f684fad","588.66",1,"bed_bath_table"
"421bb69fc426ab8530ef85399541a9ac","588.14",2,"baby"
"421bb69fc426ab8530ef85399541a9ac","588.14",2,"construction_tools_lights"
"33c395f5b7eaa637304434e553d45cf1","588.06",2,"fixed_telephony"
"973099d5fd52c77163406f2eba72dfc6","585.64",1,"garden_tools"
"ebb7f99f3da056facfc31f1fd9c56b99","585.32",1,"agro_industry_and_commerce"
"647b9b6ca86146f9f4c6cc9cc9778bfe","584.84",1,"sports_leisure"
"d2621e5ff64aedbbc297e323fc18bfe6","584.11",3,"health_beauty"
"9aa70c8fac4649c143933fedf26730f3","583.64",1,"sports_leisure"
"44fa62376b39d4bf490ebd04e1601614","583.42",1,"cool_stuff"
"1e1003e2b7b4e699106ba079128f429a","581.68",3,"health_beauty"
"4c374f090868ac5a5910f6b1fd383c25","581.25",3,"computers_accessories"
"5daed524d7545b33fafd99b7a9bc03e3","580.58",3,"construction_tools_construction"
"543ab3128139efe78bf5e8006ae25087","580.44",1,"watches_gifts"
"83aaaa34d363ae73c8f0a7ca4ea53715","579.93",3,"auto"
"84135f650b81a3dad8babdef22952b7f","579.93",3,"garden_tools"
"ca6e9fb5f1a78410c6e1a89640efa8f6","579.22",2,"computers"
"d080ae08baaaf19491c5b2d62cd02bf2","578.79",3,"health_beauty"
"0b3407e419ef6be66392971885acce73","577.6",2,"furniture_decor"
"b6b8305352b7f21764d7a8e573f1e8aa","576.56",3,"bed_bath_table"
"5750176b86face010c6348ba78fb4a99","575.68",1,"health_beauty"
"72b96eeec6f77bbfdc38148e46667c01","575.68",1,"health_beauty"
"f80418398916bd31aed5238ba6efe9b7","575.56",1,"watches_gifts"
"f1ea8b66e6bceacb9d56a84505f36dd1","574.26",1,"construction_tools_construction"
"f1ea8b66e6bceacb9d56a84505f36dd1","574.26",1,"garden_tools"
"39a37ffff66dc65f24af1a3ee533330f","574.00",2,"health_beauty"
"39a37ffff66dc65f24af1a3ee533330f","574.00",2,"perfumery"
"6b1e15c6a0e45c136eb1b2474ca126e9","573.33",1,"housewares"
"20bc33ea85750fd7d20d7b72c5c4b36d","573.00",1,"office_furniture"
"220d51765a0cb5fd731934046856d5bb","573.0",1,"furniture_decor"
"2a5c45b004d16284b462d61b46ed1460","572.87",3,"watches_gifts"
"1f50268bed0b22450f835dc03a16c88b","572.50",1,"office_furniture"
"ed81dbeb0cedad4d3d1f1551b06d6ca3","572.22",1,"garden_tools"
"ed81dbeb0cedad4d3d1f1551b06d6ca3","572.22",2,"garden_tools"
"ccafddb54a91c4cebc1ab1ba6fa5f68d","571.48",1,"kitchen_dining_laundry_garden_furniture"
"38c529a4eb301fab3df50bd0e3c0ecdf","570.88",1,"furniture_decor"
"06c9818464bb97d2f13568dd66e904a9","570.56",3,"agro_industry_and_commerce"
"205587440f824c5e5d7bc3bccb63aa15","569.66",2,"agro_industry_and_commerce"
"b8032632cbd7944f63573ccb8e2f5558","568.85",3,"sports_leisure"
"90a2585a7f96989dbc875ae664f8a983","568.50",1,"fixed_telephony"
"8ab698a9cb0d97ba97d4626a7534273e","568.08",3,"bed_bath_table"
"13c6bd504e2a5056f0f471ea7b220507","568.0",1,"baby"
"93fc25a3df1ceb609f6d18ec3ad2470e","567.6",1,"musical_instruments"
"dddc545a77663ef26d16778d03ef3bcd","567.59",2,"watches_gifts"
"1857ec1a182661136fe7584592437d51","566.63",3,"cool_stuff"
"bf0b7464d227364486f59a79f335a212","566.41",2,"books_general_interest"
"9124789e8acd7673ea0ce2bd9361a99e","566.05",3,"toys"
"97a982d424741dfe24bc1ca5d943ad70","564.89",1,"furniture_decor"
"79a7213058b523bb31b7c6c53add8159","564.40",3,"furniture_living_room"
"0921e6115b1fcc24d5dcf35570b68933","563.95",1,"furniture_living_room"
"bc6014a7596f64eb97713e00e2c9f7c9","563.48",1,"home_appliances_2"
"336e6ecb9664903e2d582f1203e5b1ba","563.33",1,"auto"
"ab3a6663f21c1a36401300460d3c41cd","563.17",1,"toys"
"037d59208a513ace896d132dc8c8a93d","563.07",3,"baby"
"87ec13ef07cdf6f1e35508ad1057947e","562.24",1,"health_beauty"
"4e20d40902680dc223804050c2461abd","562.05",2,"bed_bath_table"
"c814416959bc909443b01caa4491593b","561.66",3,"cool_stuff"
"b44c0f4d0cdb8ae7289069d703ca6db8","560.77",1,"furniture_decor"
"ac3b2d2f26b74c0c5f1e28c2f35abbc8","559.92",1,"bed_bath_table"
"4b558bf5d439e084e8e7807e55a1b591","559.52",3,"furniture_decor"
"3303092810c37e9ab22a711ae3afb197","559.26",3,"kitchen_dining_laundry_garden_furniture"
"2342c7ad7ade2a5d4af9b379289044d8","559.06",3,"housewares"
"dde2fb922a5e542ca84560b67901f351","558.96",3,"computers_accessories"
"d4de2912c79702221bd12d642b18e49f","558.92",1,"bed_bath_table"
"c7bcf14cf0fa48837a78fe5cc16b6934","557.87",1,"watches_gifts"
"d0462d19e9c58af6416a06e625c58f13","557.62",2,"office_furniture"
"4a80d02a2e717959a7a3c7c8aafd6c72","556.24",2,"garden_tools"
"664934b310cca178e1ac86c17c97f61b","555.43",1,"watches_gifts"
"5140caed9ffab688aa2e67074d65befd","555.32",2,"health_beauty"
"cadf2edfaac0597d9c8575252b0415aa","555.32",3,"health_beauty"
"04b21593198275390ded3d92c6d9fd6a","555.09",3,"home_confort"
"856450615438e29ecc334651df96e7f6","554.32",2,"health_beauty"
"a4ee9df6b5f93107253c0a18145b1e51","554.1",3,"pet_shop"
"97135194e893f6fd1c61580f1eb37bda","552.96",1,"office_furniture"
"1aabb89e94999e16f85a4a0078935996","552.73",3,"garden_tools"
"61fcbde43b57103de5c19b26489b46f6","550.26",2,"watches_gifts"
"7ffed19d85558d51da23bf236eb944fc","550.12",1,"furniture_decor"
"bf4acb0df3642cc86d6217d861598798","549.78",1,"telephony"
"2dd5f6a66c1d82ee0b8c864ddf9833f2","549.7",1,"health_beauty"
"8624511aa767a83ed91a47c158320964","549.7",1,"health_beauty"
"52550cee1dda83b2c06260891897dc60","549.7",2,"health_beauty"
"3decc053f76f6898aefed9c29e26e2b7","549.7",3,"health_beauty"
"d91340e9348bc8b0e4971c128f2c0254","549.14",1,"watches_gifts"
"656689d74b6f04ec228f13e98fc9b15b","548.90",1,"furniture_decor"
"e4803f41016244f8ce3dca5bb8b37aee","548.68",3,"office_furniture"
"607a624a0fb32899edc4e3f9c9b24189","548.42",1,"sports_leisure"
"7b6900f9a0d0ecc69d4ac5bdc8b3ffd3","548.42",3,"construction_tools_safety"
"49750d9578cdcf35d9c002434ecab639","548.28",3,"baby"
"49750d9578cdcf35d9c002434ecab639","548.28",3,"bed_bath_table"
"ca593d45479b927a7cd4d0a39d73e545","548.13",1,"sports_leisure"
"b1501234c007ae50246518bde6945cf6","548.03",1,"toys"
"3d6639fefdeff87974b80dc3da00bbec","547.47",3,"bed_bath_table"
"8c2b13adf3f377c8f2b06b04321b0925","547.29",1,"baby"
"8c2b13adf3f377c8f2b06b04321b0925","547.29",1,"bed_bath_table"
"8c2b13adf3f377c8f2b06b04321b0925","547.29",1,"cool_stuff"
"cc46818e210f019a0a7c59b03fc43c8e","547.2",3,"computers_accessories"
"ac8189e5e0b236fb91fbd04c3975b750","547.04",1,"office_furniture"
"10f19649ff10ef887aee3d8d536f5da1","546.45",3,"watches_gifts"
"9a7d7672806f5cfd6bc9cbd5a060806f","545.47",1,"health_beauty"
"ab0a259100a72a01f979cc26705316a4","545.46",1,"housewares"
"7646f2fa9419a132d8ff5528846a48d3","545.08",1,"home_construction"
"cec31771f7be596e463066dab5db839f","545.08",1,"health_beauty"
"25fb291455f02d9da22d17fa3a1afd23","544.92",1,"baby"
"5e85554ed83f05cbe7f092ba18b17e5c","544.9",3,"musical_instruments"
"2e8644b6852a0e75700c764e182ddbbe","544.4",1,"housewares"
"bae5466ca9c393da0e97709654923fdd","544.18",1,"sports_leisure"
"12b490136db583be9f294988ccdce8b1","543.89",1,"housewares"
"98ffd20f7510aafde026fc41c46876b1","542.96",1,"housewares"
"98ffd20f7510aafde026fc41c46876b1","542.96",1,"industry_commerce_and_business"
"3451e358dcd1b3eb514821e4e9772ccc","541.79",1,"health_beauty"
"b1d0fc0b53c9fe10e6b7c7f589c0a171","541.08",1,"health_beauty"
"69ad29a3aba936e80ea906bf73c631a8","540.04",3,"small_appliances"
"56069689ce24a3bafc1bcc3333744b24","539.37",1,"computers_accessories"
"2f7c478f21ac2d388886deb706e200b3","539.12",3,"furniture_decor"
"77e1cc2ffec141e9953220a084af5951","539.00",3,"costruction_tools_garden"
"56b8dfac98a87021344bae2675b86709","538.40",2,"office_furniture"
"10b4aca7d76f1ff55e0dfc750e4e0016","538.39",1,"sports_leisure"
"2e557b5d820cbc4f2f0e25b3867f8033","538.04",3,"furniture_decor"
"ac8f33e39cd4da19fb975a3b2e1bb57a","537.0",2,"sports_leisure"
"f9ca78db37320d8b51acd2e6eacc3f22","536.75",2,"construction_tools_construction"
"6a30ecf6e27a0c6c8373a4ffc57cb353","536.51",1,"sports_leisure"
"87d30b7fd5316c576377b79548be7d84","536.30",1,"garden_tools"
"c27815f7e3dd0b926b58552628481575","535.9",3,"home_appliances_2"
"fc2f758d05227510a9f46e37a1e0095e","535.37",3,"kitchen_dining_laundry_garden_furniture"
"47073fb1adb2b41ef8bba8c77d8ed86f","535.07",3,"perfumery"
"e4f669bb9b79875231a2cf27ab8dd229","535.04",2,"garden_tools"
"f299e3cfbddf9de401e1f1adf33cd788","534.32",1,"computers_accessories"
"68d2df61243c80ca57cc40e6461f9732","534.25",3,"toys"
"2526d08a2985e1b276a405915c2d8be9","533.57",2,"health_beauty"
"48ea816d75222e26e37782d2ebe2ea5b","533.45",1,"health_beauty"
"3adab61474a972a1606b0c78d64b8aee","533.32",1,"health_beauty"
"24b5077ff1a5cfb489ffaf2a6ae71f43","532.55",1,"consoles_games"
"60d576675057bc52504462b5bf4f5085","531.42",2,"health_beauty"
"bc9c2fb123725ad0d99fb76888543245","530.90",1,"baby"
"9e96be941daa62b6b3eb0b074ba23a9e","530.46",3,"office_furniture"
"58faef88b9fbcce2db4d1b68bdb0c2a3","529.92",1,"garden_tools"
"b26530f9c2437788f9290f8339dba184","529.34",3,"luggage_accessories"
"2f6ce0fc6861201ce7e46d0b67ca0dc6","528.80",3,"health_beauty"
"9bdc4d4c71aa1de4606060929dee888c","528.78",1,"telephony"
"ddf7e19dc4d5ff4be22e808142f35e5d","528.77",3,"watches_gifts"
"e8d3219c027c07fb152bc267d5e437fc","528.41",1,"furniture_living_room"
"755e265d8b9cef975c3eea528cd48b90","528.25",1,"watches_gifts"
"cd994d365e6a5dcaa94ff5f3fadb0ad8","528.22",3,"health_beauty"
"eb49a7916a6668a17d85eac9a7b73a18","527.8",3,"bed_bath_table"
"ac7969ba0d14152429d747a51407abe4","527.79",3,"health_beauty"
"c8223ab24b18df53e6a37eae1fd69d48","527.23",2,"watches_gifts"
"56030114e560e8093abc06e38626e871","525.32",2,"home_appliances_2"
"f26d4637c4f560f72ba7feac1675c100","524.78",2,"construction_tools_construction"
"f9ae26d365fbefe7d1d7510effa84d3d","524.30",1,"health_beauty"
"86c25bbc1d16736365d6e747e71695f0","524.08",1,"housewares"
"10ccb4dc0cc0d605b71afdcf4584128e","523.98",3,"toys"
"e77e25ad4185ce8fba142eafcd1442da","523.31",1,"costruction_tools_garden"
"6e6bacc052a79d14a6e7d015188bef50","522.98",1,"baby"
"bd0ece9767b9088d339d9f68ed6a4738","522.73",1,"auto"
"a7aee2bef4a7f3826328ec49c9d6f66d","522.57",3,"furniture_decor"
"a688c7001406d268e4d8779ab25573a1","522.34",1,"computers_accessories"
"626434e11c37535d5f24e9d844249b55","522.21",3,"office_furniture"
"83f307792a5e44febc1eb0309679051e","521.64",3,"computers_accessories"
"33dc68ee07456f6fa5da352d9cca5d93","521.56",1,"watches_gifts"
"991dd93b0190239b4f3d41151e31d3ba","521.54",1,"sports_leisure"
"df7beb79297f04677c62ceae377ba8b2","521.5",1,"health_beauty"
"2ae4550cd93c502fcca8f1b07c6d1641","521.48",1,"watches_gifts"
"618db255ea9978349362f2f0e3ec1aff","521.37",1,"audio"
"a47d9d942ab28a004f583312932bca8e","521.37",1,"audio"
"c7c0573cccba9f9162671f96f5f12e60","521.37",1,"audio"
"3ea85b54f4c54ccc998b38bebf6c2c15","521.37",3,"audio"
"c21b52965ab8bbc3d27579c093386807","521.37",3,"audio"
"75317b0ece497c2c9f9e9ed06889a90b","520.96",1,"baby"
"75aed426d187c5f1099af12729834732","520.75",3,"consoles_games"
"86fc1ff8e36ed9aa98ba49bca26d44c3","519.93",1,"watches_gifts"
"42326771e9fef8586133e2e6102f87ca","519.91",1,"health_beauty"
"853fea10132fd987a6c350565818ba11","519.80",1,"toys"
"115abcb04c714f37dea22d04e52f35cd","519.48",3,"sports_leisure"
"01255808a3d38a8dd69aa93265a4cb88","519.16",1,"fashion_bags_accessories"
"f679d90195e7c1e11563250d98edffb6","518.95",3,"garden_tools"
"5b02e3190400ea2755927d0ee0647d73","518.72",3,"computers_accessories"
"9f672a6ad991e6e232e91e479ab1d0ef","518.59",3,"garden_tools"
"f2fa3795760c35b8c05fa8e2f09d5143","518.39",3,"bed_bath_table"
"f2fa3795760c35b8c05fa8e2f09d5143","518.39",3,"office_furniture"
"72096fec7f0a5c65db72ae549c086803","518.25",1,"computers_accessories"
"3062239cf5087db015afcb38eb79c5c1","518.04",3,"watches_gifts"
"04cb4d9e4f236cd2d6d42de8f1eea4ae","517.15",1,"cool_stuff"
"c21fcb36121a9b1c65eed7b20f0862bd","517.03",1,"auto"
"e4dfdab4dc28a8727655a0f0a19224b2","515.94",2,"watches_gifts"
"9773679828d39baca17c7cfd64090070","515.93",3,"audio"
"e02d61b42452cc6737650331d8bc8ad7","515.70",1,"health_beauty"
"b1a7bd6a9d10076c91e88bc510406b46","515.32",2,"office_furniture"
"30a18df212b45e1322b6d81521786ec4","515.31",1,"garden_tools"
"216f5ce95749a1f03de00b34908e73a2","515.18",1,"home_appliances"
"5260ac84bdd23400bd774a4507093208","514.92",2,"office_furniture"
"64ccc97757023bd10bf48bed7f1e14e3","514.69",1,"watches_gifts"
"3f5ff6ee2cdbae33ef3b6aa6a193f9f6","514.63",1,"watches_gifts"
"765077a5aa4353d785afcdccc40cbfd9","514.41",2,"home_appliances_2"
"536b55df90b1eadec8cd2151d8d54536","514.28",1,"housewares"
"51cab0235fdd0e37f744024696d8e66a","514.11",3,"agro_industry_and_commerce"
"479118262cc4228b46c613b6b3efa669","513.46",1,"perfumery"
"479118262cc4228b46c613b6b3efa669","513.46",1,"watches_gifts"
"cdd077f14d312b2490a97e9b1fc0caab","513.22",3,"garden_tools"
"c21f62eab437a5529f7dd3076e7da0e4","512.79",3,"computers_accessories"
"63c10abe3e4a1cfbeda3cdde88766893","512.46",1,"electronics"
"4a2d2e4b9b76f135b1e266f10d8de0ac","512.21",1,"housewares"
"c68ebb39f1acedc7b1b543ecb53194c8","511.63",1,"watches_gifts"
"87d093c6d324b6721093e4582b061cf2","511.38",2,"garden_tools"
"6d25b49ec255fb0bffe632d77a6345ec","511.38",3,"office_furniture"
"7a569ceb9d89c45df6bd1d2569ec061e","511.23",1,"health_beauty"
"5ae27cc40da0652f19685c5b8352c979","510.3",1,"watches_gifts"
"4bd80487e45eb96ed277f47d7b9dca63","509.66",3,"health_beauty"
"6e005ed6792ec5ba81274fcf6ca4ec74","509.2",1,"audio"
"ed657707e074ec97427d985ed5c4d21f","508.16",1,"office_furniture"
"9e36f21498b2b9e43e2cf7c86fe7e07b","507.98",1,"telephony"
"0097f0545a302aafa32782f1734ff71c","507.84",1,"garden_tools"
"a2a3515a501b9b77129df7bff1813e76","507.68",1,"cool_stuff"
"fee6682c7a195d411531745fdcd4d1db","507.4",3,"health_beauty"
"b8831de8421ce05d880cb13b8610f9c3","506.46",3,"office_furniture"
"130d27e7e69cabe35e3fa920f6b4664d","506.39",3,"garden_tools"
"97ef2707f46b7d685e1da2b0c67be7fd","506.1",1,"perfumery"
"b03212f61ea1e4e047d60f49271444c0","506.02",1,"office_furniture"
"aa3e939d90791cb80173b38e4faf79a1","505.88",1,"office_furniture"
"e2f1a9fca16cf7780e6b22a78fb85479","505.12",1,"office_furniture"
"32f0db75abd9599736ef815f021c684f","504.51",1,"computers_accessories"
"6e0f64efb04a60cc8a5bff3e30663c02","504.48",2,"sports_leisure"
"2c6e3395e4f4716fc4d23742912ff80d","504.35",1,"housewares"
"790512cc033ced5f8fe1f9158eb8f2fe","504.35",1,"housewares"
"6c5df19e668b79ccf854d8fd72a105ae","504.32",1,"watches_gifts"
"57a382ec5b2ec69093d3bdc7de3ec927","504.30",3,"watches_gifts"
"521e93507df5620aaee015ba441ec756","504.11",1,"bed_bath_table"
"49bb32cab29be3bbe1a0ae27978edb48","504.09",1,"housewares"
"c8328720517a06417715c52c03e52c89","504.04",3,"watches_gifts"
"c45bac21efb8f0856af311a0f8d67695","503.72",1,"computers_accessories"
"0d3361c2f225ac28b02f7a5492ed73fb","503.68",3,"kitchen_dining_laundry_garden_furniture"
"09722e140e3e1e92b67fd75e2b14b6fb","501.72",1,"furniture_decor"
"75d64d83a9bbe69f614a590930b789f0","500.29",3,"musical_instruments"
"661e77bbf3e487db278f9fdef584550b","500.04",1,"office_furniture"
